StartDate;EndDate;Status;Progress;Duration__in_seconds_;Finished;RecordedDate;DistributionChannel;UserLanguage;Q_Informed_Consent;Age;Gender;Nationality;Nationality_3_TEXT;Profession;Education;Covid_19_3;Covid_19_4;Covid_19_5;Manip_checks_power;man_check_guilt;guilt_likelihood_1;guilt_likelihood_2;Recidivism_1;Recidivism_2;Recidivism_3;Motives_Punishment_1;Motives_Punishment_2;Motives_Punishment_3;Motives_Punishment_4;Motives_Punishment_5;Motives_Punishment_6;Motives_Punishment_7;Motives_Punishment_8;Motives_Punishment_9;Motives_Punishment_10;Motives_Punishment_11;Motives_Punishment_12;Motives_Punishment_13;Motives_Punishment_14;Motives_Punishment_15;Motives_Punishment_16;tic
9/1/2020 5:01:38;9/1/2020 5:04:44;0;100;186;1;9/1/2020 5:04:45;anonymous;EN-GB;1;51;1;1; ;3;1;10;10;8;1;2;4;4;3;3;3;5;3;4;3;6;4;5;5;5;5;4;3;3;3;5;3;1a7ea64e5cbcb42770fff23b8fc8a681
9/1/2020 5:02:45;9/1/2020 5:05:26;0;100;160;1;9/1/2020 5:05:26;anonymous;EN-GB;1;69;2;1; ;4;2;7;1;1;2;2;4;4;4;4;4;4;2;2;2;4;2;5;5;4;5;5;5;2;2;5;2;fc473243fb7fe9b07356c3a389f2868b
9/1/2020 5:05:38;9/1/2020 5:09:25;0;100;226;1;9/1/2020 5:09:25;anonymous;EN-GB;1;50;1;1; ;3;1;6;8;1;2;2;4;3;1;1;1;4;1;1;7;7;1;7;5;7;7;3;3;1;1;3;1;7bfc0917c72215ffbc4dd4a5963da042
9/1/2020 5:01:22;9/1/2020 5:10:36;0;100;554;1;9/1/2020 5:10:36;anonymous;EN-GB;1;34;1;3;dutch;4;2;9;9;5; ; ; ; ; ; ; ; ; ; ; ; ; ; ; ; ; ; ; ; ; ; ; ;144aa321db806d4165d923ce55e49ecf
9/1/2020 5:11:37;9/1/2020 5:14:10;0;100;153;1;9/1/2020 5:14:11;anonymous;EN-GB;1;64;1;1; ;3;2;10;10;10;3;2;4;4;4;4;4;5;4;5;5;5;4;5;6;5;5;5;5;4;4;6;4;6383564893cb13c8efbb84cd7f681fd2
9/1/2020 5:08:39;9/1/2020 5:16:47;0;100;488;1;9/1/2020 5:16:47;anonymous;EN-GB;1;68;1;1; ;4;1;10;1;7;1;2;4;4;4;2;4;5;4;4;5;5;5;4;7;5;7;4;3;5;2;5;2;a540a93ca0f5f7eace05ed2f810a8c1c
9/1/2020 5:32:43;9/1/2020 5:37:17;0;100;273;1;9/1/2020 5:37:17;anonymous;EN-GB;1;49;1;1; ;4;2;9;7;9;1;2;5;4;1;4;4;3;4;4;4;5;2;6;7;4;5;2;1;4;4;4;2;c8fb8906a9e920a97c76c35f44ded3f3
9/1/2020 5:37:08;9/1/2020 5:41:51;0;100;283;1;9/1/2020 5:41:52;anonymous;EN-GB;1;60;1;1; ;4;1;8;5;2;2;2;4;3;3;3;3;5;5;4;7;7;1;7;4;7;4;4;3;2;6;4;4;2cd16efbf671c8376d9de8ba568ef4ab
9/1/2020 5:41:51;9/1/2020 5:45:29;0;100;218;1;9/1/2020 5:45:29;anonymous;EN-GB;1;62;2;1; ;4;1;5;4;5;1;2;4;3;4;4;5;6;4;5;6;5;5;6;6;6;6;4;5;4;4;5;4;eb5d02232e532483217c7daa515d8ed0
9/1/2020 5:44:50;9/1/2020 5:47:25;0;100;155;1;9/1/2020 5:47:26;anonymous;EN-GB;1;67;2;1; ;3;3;10;7;10;1;2;4;4;4;4;4;5;6;5;5;5;5;4;5;6;5;5;5;5;7;7;5;7e1f553facabbbdebbae2d019612fac2
9/1/2020 5:50:20;9/1/2020 5:55:57;0;100;336;1;9/1/2020 5:55:57;anonymous;EN-GB;1;50;1;1; ;4;5;5;0;0;2;2;5;6;4;4;4;5;6;5;7;7;6;7;7;7;7;5;4;6;7;7;7;c5aa333426f7cac47f0554fea86181cb
9/1/2020 5:57:49;9/1/2020 6:01:31;0;100;222;1;9/1/2020 6:01:31;anonymous;EN-GB;1;73;2;1; ;3;1;7;2;1;1;2;4;6;5;5;5;5;5;6;5;5;6;5;6;5;6;4;4;6;5;3;5;77d437506266d2ec658723301c168b82
9/1/2020 6:01:01;9/1/2020 6:07:17;0;100;376;1;9/1/2020 6:07:17;anonymous;EN-GB;1;74;2;1; ;4;1;7;0;5;2;2;3;3;3;3;3;4;3;2;5;3;3;3;4;3;4;5;5;3;3;4;3;985a996729d9c8e0155d366645da2b50
9/1/2020 5:10:56;9/1/2020 5:12:23;0;84;86;0;9/1/2020 6:11:05;anonymous;EN-GB;1;18;1;1; ;1;2;7;3;0;2;2;4;3;1;2;3; ; ; ; ; ; ; ; ; ; ; ; ; ; ; ; ;482b73a966d623ae3b66087a4d51f72a
9/1/2020 6:08:33;9/1/2020 6:13:32;0;100;299;1;9/1/2020 6:13:33;anonymous;EN-GB;1;45;1;1; ;4;2;0;5;5;1;2;4;4;4;4;4;4;4;4;4;4;4;4;4;4;4;4;4;4;4;4;4;4413bc7647378e15e78d4c626356d6f5
9/1/2020 6:14:36;9/1/2020 6:18:51;0;100;255;1;9/1/2020 6:18:52;anonymous;EN-GB;1;48;2;1; ;4;1;9;10;7;1;2;4;5;2;2;2;6;6;4;7;7;4;7;2;7;3;7;6;2;5;7;5;292fa23c799eb1a289aa64a8a5839c9c
9/1/2020 6:33:19;9/1/2020 6:36:35;0;100;195;1;9/1/2020 6:36:35;anonymous;EN-GB;1;37;1;1; ;2;2;9;2;7;2;2;2;2;2;2;2;2;2;3;5;3;4;6;5;5;5;5;5;3;3;5;4;bcb1ea44e072c94e50e2c962eb07daa8
9/1/2020 6:34:33;9/1/2020 6:37:13;0;100;159;1;9/1/2020 6:37:13;anonymous;EN-GB;1;57;1;1; ;4;1;7;7;4;3;2;5;4;6;6;6;4;5;6;6;6;5;6;6;6;6;1;2;6;6;2;6;df52cc9ad9b20dd73078fd3624d4484f
9/1/2020 6:37:26;9/1/2020 6:40:55;0;100;209;1;9/1/2020 6:40:56;anonymous;EN-GB;1;57;1;1; ;4;1;3;1;1;2;2;2;1;3;2;4;3;3;5;7;7;1;7;7;7;7;7;3;3;1;7;1;8c683056b7e5c1d44101d0718e161285
9/1/2020 6:47:01;9/1/2020 6:48:55;0;100;113;1;9/1/2020 6:48:55;anonymous;EN-GB;1;60;1;3;Irish;4;1;7;2;7; ; ; ; ; ; ; ; ; ; ; ; ; ; ; ; ; ; ; ; ; ; ; ;5678719c6bcb2554a1cf0182d2562f4e
9/1/2020 6:53:03;9/1/2020 7:02:13;0;100;550;1;9/1/2020 7:02:14;anonymous;EN-GB;1;53;2;1; ;4;1;7;8;8; ;2;5;4;4;2;3;5;6;6;7;6;5;3;4;6;6;5;5;5;7;7;5;02306c68f6fb2208079259e800e3c2ee
9/1/2020 7:21:50;9/1/2020 7:26:21;0;100;271;1;9/1/2020 7:26:21;anonymous;EN-GB;1;78;2;1; ;2;5;8;1;5;1;2;6;6;6;6;6;6;7;6;6;7;6;6;6;6;7;2;2;6;6;1;6;4f3c82b70c4c41abf473980f677dbebf
9/1/2020 7:24:27;9/1/2020 7:27:47;0;100;199;1;9/1/2020 7:27:47;anonymous;EN-GB;1;64;1;1; ;2;1;9;0;7;1;2;4;4;4;4;4;6;4;4;4;4;4;4;4;4;4;4;4;4;4;4;4;c05fc6b4d385b089ca50df2b7052d703
9/1/2020 7:41:17;9/1/2020 7:45:55;0;100;278;1;9/1/2020 7:45:56;anonymous;EN-GB;1;71;2;1; ;2;5;9;0;0;2;2;4;4;3;3;4;6;4;4;6;4;5;4;7;6;5;6;4;4;7;7;4;dfe315d2abfe537e23ae9a84aab84da6
9/1/2020 7:46:16;9/1/2020 7:50:19;0;100;242;1;9/1/2020 7:50:19;anonymous;EN-GB;1;55;2;1; ;4;1;8;8;10;3;2;7;7;7;7;7;7;7;7;7;7;7;7;7;7;7;7;7;7;7;6;7;8578043400cdc7960df80e678c8c5195
9/1/2020 7:56:45;9/1/2020 8:02:54;0;100;369;1;9/1/2020 8:02:54;anonymous;EN-GB;1;66;2;1; ;4;1;1;1;0;3;2;4;4;5;5;5;6;7;7;5;6;6;6;6;6;6;6;5;6;6;3;7;d04b6ead2ba3d3596d9db5f57db2984c
9/1/2020 8:16:11;9/1/2020 8:17:57;0;100;106;1;9/1/2020 8:17:57;anonymous;EN-GB;1;61;2;1; ;4;1;7;8;8;3;2;4;4;4;4;4;4;4;4;4;4;4;4;4;4;4;4;4;4;4;4;4;8a8c4440188cecf48e73be7ab336dde8
9/1/2020 8:10:54;9/1/2020 8:18:40;0;100;465;1;9/1/2020 8:18:40;anonymous;EN-GB;1;76;1;1; ;2;1;8;0;5;2;2;3;1;4;4;4;4;1;4;7;4;4;7;7;7;7;7;7;1;1;4;1;18298cbb3b3fafee8dd93a370139735b
9/1/2020 8:34:56;9/1/2020 8:35:27;0;100;30;1;9/1/2020 8:35:27;anonymous;EN-GB;1;38;1;3;Mexican;4;2;8;3;8; ; ; ; ; ; ; ; ; ; ; ; ; ; ; ; ; ; ; ; ; ; ; ;ee9c86bb99f97c84ad4215bf34032e2b
9/1/2020 8:58:17;9/1/2020 9:04:17;0;100;360;1;9/1/2020 9:04:18;anonymous;EN-GB;1;61;2;1; ;4;1;0;0;0;2;2;4;6;5;6;6;7;7;6;4;6;6;7;7;4;7;4;6;5;4;5;6;e8cbd01c6b8b1e9a496e5d97e3833a6b
9/1/2020 8:14:37;9/1/2020 8:16:03;0;63;86;0;9/1/2020 9:14:41;anonymous;EN-GB;1;61;2;1; ;4;5;5;10;10; ; ; ; ; ; ; ; ; ; ; ; ; ; ; ; ; ; ; ; ; ; ; ;8a8c4440188cecf48e73be7ab336dde8
9/1/2020 8:34:21;9/1/2020 8:34:35;0;11;13;0;9/1/2020 9:34:22;anonymous;EN-GB;1; ; ; ; ; ; ; ; ; ; ; ; ; ; ; ; ; ; ; ; ; ; ; ; ; ; ; ; ; ; ; ; ;ee9c86bb99f97c84ad4215bf34032e2b
9/1/2020 9:33:22;9/1/2020 9:37:41;0;100;258;1;9/1/2020 9:37:41;anonymous;EN-GB;1;68;1;1; ;2;2;9;1;3;1;2;3;3;3;3;3;5;5;5;4;4;4;5;7;5;7;7;7;5;5;7;5;c7237105295b0c585f89ede474801878
9/1/2020 9:34:42;9/1/2020 9:44:21;0;100;579;1;9/1/2020 9:44:21;anonymous;EN-GB;1;57;1;1; ;4;1;9;10;7;2;2;3;1;4;3;3;3;3;3;6;6;3;5;7;5;3;6;7;2;2;7;3;851958fc57d57e609d3aeaa7a4487a70
9/1/2020 9:56:19;9/1/2020 10:05:06;0;100;526;1;9/1/2020 10:05:06;anonymous;EN-GB;1;58;1;1; ;4;1;7;8;7;1;2;6;6;7;7;7;3;7;6;6;6;6;6;7;6;7;3;2;6;7;3;7;45e74ea6254f31b9dab317dc1207a596
9/1/2020 10:33:23;9/1/2020 10:35:42;0;100;138;1;9/1/2020 10:35:42;anonymous;EN-GB;1;21;1;1; ;1;2;8;6;8;1;3;4;4;3;5;5;5;5;4;5;5;6;5;5;4;4;3;5;5;5;5;5;a51555ced438b750da4b33fd9ea93020
9/1/2020 10:32:54;9/1/2020 10:33:20;0;63;26;0;9/1/2020 11:32:55;anonymous;EN-GB;1;21;1;1; ;1;2;8;7;9; ; ; ; ; ; ; ; ; ; ; ; ; ; ; ; ; ; ; ; ; ; ; ;a51555ced438b750da4b33fd9ea93020
9/2/2020 2:30:03;9/2/2020 2:35:44;0;100;341;1;9/2/2020 2:35:45;anonymous;EN-GB;1;58;2;1; ;2;1;10;0;1;3;2;4;5;4;4;4;5;5;4;7;7;3;7;2;7;4;6;4;2;5;6;5;9e619f9ef12c7a2f463275e24ca66e66
9/2/2020 2:34:32;9/2/2020 2:38:01;0;100;209;1;9/2/2020 2:38:01;anonymous;EN-GB;1;28;1;1; ;4;1;2;2;2;3;2;4;4;4;4;4;4;4;4;4;4;4;4;4;4;4;4;4;4;4;4;4;8add47917ec37e183097fb5266c3e800
9/2/2020 2:39:24;9/2/2020 2:40:09;0;100;45;1;9/2/2020 2:40:09;anonymous;EN-GB;1;45;2;1; ;3;3;5;5;4;1;2;3;4;4;3;4;3;3;1;3;3;3;4;3;4;3;4;4;3;3;4;4;281d5a96ea1d499bc2e8f4e1596f68ac
9/2/2020 2:37:11;9/2/2020 2:41:49;0;100;277;1;9/2/2020 2:41:49;anonymous;EN-GB;1;72;1;1; ;2;1;8;1;1;1;2;5;6;4;5;5;7;7;5;6;6;5;7;6;7;7;6;6;5;5;6;7;1c750ae33ff41a7154939a0c802f984e
9/2/2020 2:44:11;9/2/2020 2:46:58;0;100;167;1;9/2/2020 2:46:58;anonymous;EN-GB;1;65;2;1; ;2;1;8;0;0;2;2;4;4;4;4;4;6;4;4;4;4;4;4;6;4;4;4;5;4;4;4;4;00151cb811dd2a2dcef7058a8aac8d9c
9/2/2020 2:45:16;9/2/2020 2:48:27;0;100;190;1;9/2/2020 2:48:27;anonymous;EN-GB;1;55;2;1; ;4;5;8;6;6;1;2;4;4;4;4;4;4;4;4;4;4;4;4;4;5;3;6;3;4;3;5;3;a01d8d8a20c627a00e783c587ff559f7
9/2/2020 2:58:52;9/2/2020 3:02:27;0;100;215;1;9/2/2020 3:02:28;anonymous;EN-GB;1;76;1;1; ;2;1;10;0;8;2;2;4;4;1;1;1;6;4;4;4;4;4;4;4;4;4;4;4;4;4;4;4;9a3a20e81fb5c9401e6bf6e14d83ed2e
9/2/2020 3:04:31;9/2/2020 3:06:26;0;100;115;1;9/2/2020 3:06:27;anonymous;EN-GB;1;18;1;1; ;1;1;5;3;0;2;2;4;4;3;3;3;4;3;4;6;3;3;4;4;6;7;3;4;3;4;4;4;482b73a966d623ae3b66087a4d51f72a
9/2/2020 3:03:22;9/2/2020 3:08:20;0;100;297;1;9/2/2020 3:08:20;anonymous;EN-GB;1;74;2;1; ;2;5;6;1;2;3;2;4;4;4;4;4;5;5;5;4;4;4;5;5;4;5;4;5;5;5;5;5;de2425770e0747727920c22a28d46114
9/2/2020 3:14:18;9/2/2020 3:16:42;0;100;144;1;9/2/2020 3:16:42;anonymous;EN-GB;1;46;2;1; ;4;2;7;10;10;1;2;2;3;1;2;1;5;6;2;7;3;1;7;2;7;7;5;6;1;5;6;7;f13f1fc2cdca3abf76aba4d8d65ddb64
9/2/2020 3:24:11;9/2/2020 3:25:35;0;100;84;1;9/2/2020 3:25:35;anonymous;EN-GB;1;59;1;3;Irish;2;1;7;2;2; ; ; ; ; ; ; ; ; ; ; ; ; ; ; ; ; ; ; ; ; ; ; ;f30594ca1af96b162282ea036167a3ae
9/2/2020 3:22:49;9/2/2020 3:26:41;0;100;231;1;9/2/2020 3:26:41;anonymous;EN-GB;1;37;1;1; ;4;5;4;1;6;1;2;4;4;4;4;3;3;4;3;4;4;3;5;4;5;4;6;6;3;4;6;4;b7db99e03b4b064efbf8f2a447154eb0
9/2/2020 3:42:29;9/2/2020 3:45:14;0;100;165;1;9/2/2020 3:45:14;anonymous;EN-GB;1;40;1;3;Dutch;4;3;9;8;7; ; ; ; ; ; ; ; ; ; ; ; ; ; ; ; ; ; ; ; ; ; ; ;a80774b72e9614fd44807900ddcb9e98
9/2/2020 2:46:00;9/2/2020 2:47:29;0;47;89;0;9/2/2020 3:46:02;anonymous;EN-GB;1;48;2;1; ;2;5;10;0;0; ; ; ; ; ; ; ; ; ; ; ; ; ; ; ; ; ; ; ; ; ; ; ;b72818c56912a6a1d908bb3630c7b7ed
9/2/2020 3:54:37;9/2/2020 3:57:59;0;100;201;1;9/2/2020 3:57:59;anonymous;EN-GB;1;64;2;1; ;2;1;4;0;0;2;2;4;4;4;4;4;4;2;4;5;4;4;6;4;6;4;4;3;4;2;3;2;5b66c794de90a3af0429f408ca8e1a93
9/2/2020 3:57:01;9/2/2020 4:01:43;0;100;281;1;9/2/2020 4:01:43;anonymous;EN-GB;1;62;1;1; ;2;5;10;6;2;1;2;4;5;6;7;7;7;1;7;7;7;6;7;7;7;7;7;6;7;7;7;7;a9a4e2aa58e83f1d6d852ec21e54680a
9/2/2020 3:03:38;9/2/2020 3:04:24;0;63;46;0;9/2/2020 4:04:02;anonymous;EN-GB;1;18;1;1; ;1;1;4;3;0; ; ; ; ; ; ; ; ; ; ; ; ; ; ; ; ; ; ; ; ; ; ; ;482b73a966d623ae3b66087a4d51f72a
9/2/2020 4:05:30;9/2/2020 4:10:23;0;100;292;1;9/2/2020 4:10:23;anonymous;EN-GB;1;41;2;1; ;3;2;7;8;4;1;2;5;4;5;5;5;5;4;4;6;6;4;5;5;6;5;5;5;4;3;5;3;606a7610a9221841b8c65cfae09ae4be
9/2/2020 4:18:28;9/2/2020 4:22:32;0;100;243;1;9/2/2020 4:22:32;anonymous;EN-GB;1;62;1;1; ;2;5;7;1;1;2;2;4;1;4;4;4;7;6;4;7;7;4;7;4;7;4;7;7;4;4;7;4;8eb2f808947273b83ca2bf5bcbd319fd
9/2/2020 4:37:19;9/2/2020 4:39:58;0;100;158;1;9/2/2020 4:39:58;anonymous;EN-GB;1;60;1;1; ;2;1;10;3;8;1;2;3;1;1;2;2;1;2;1;1;1;1;1;1;1;1;1;1;1;1;1;1;ccd4cf0a8bba33d68139fb3d7b7df21e
9/2/2020 4:39:10;9/2/2020 4:46:57;0;100;467;1;9/2/2020 4:46:57;anonymous;EN-GB;1;71;2;1; ;2;5;5;0;5;1;2;6;6;7;7;7;7;7;7;7;7;7;7;7;7;7;7;7;7;7;7;7;22d04f241c2450f4cd0df64192f2214b
9/2/2020 4:57:10;9/2/2020 5:01:27;0;100;256;1;9/2/2020 5:01:27;anonymous;EN-GB;1;42;1;1; ;2;1;8;0;7;3;2;4;4;4;4;4;5;7;5;6;6;5;7;7;7;7;6;5;5;7;5;7;07de252767c759b7d450c8ca77500e61
9/2/2020 5:07:29;9/2/2020 5:10:17;0;100;167;1;9/2/2020 5:10:17;anonymous;EN-GB;1;54;1;1; ;2;1;7;0;4;1;2;4;4;4;4;4;5;5;5;4;5;4;5;4;4;5;2;2;5;5;4;5;20df4fe1dc333e364d804e334243b429
9/2/2020 5:11:37;9/2/2020 5:16:31;0;100;293;1;9/2/2020 5:16:31;anonymous;EN-GB;1;68;2;1; ;2;1;5;0;0;1;2;5;4;5;5;5;7;3;5;5;6;5;6;6;6;6;3;5;6;2;6;2;65dd1a4ad7aca8d60ecb5542cb1ad69f
9/2/2020 5:17:17;9/2/2020 5:20:33;0;100;196;1;9/2/2020 5:20:34;anonymous;EN-GB;1;77;1;1; ;2;1;9;1;1;2;2;4;4;3;4;4;7;4;3;7;7;3;6;7;5;7;1;1;4;4;5;1;c9cf3c69f88d1c562cc61b07e56b0a10
9/2/2020 5:29:30;9/2/2020 5:32:28;0;100;177;1;9/2/2020 5:32:28;anonymous;EN-GB;1;52;1;1; ;4;1;8;7;8;1;2;4;4;4;4;4;5;4;4;4;6;4;6;6;6;4;3;5;5;5;5;5;8c87bdc67ef58fc0e006ec91b5015aa4
9/2/2020 5:26:55;9/2/2020 5:33:00;0;100;365;1;9/2/2020 5:33:01;anonymous;EN-GB;1;67;2;1; ;2;5;10;4;4;2;2;2;2;1;1;1;4;6;1;7;7;1;7;7;7;7;7;7;1;7;7;7;28f214a052e6e25ddfdf1320c09ad2f9
9/2/2020 5:29:28;9/2/2020 5:34:51;0;100;323;1;9/2/2020 5:34:51;anonymous;EN-GB;1;32;1;1; ;4;1;5;6;5;3;2;7;7;7;7;7;7;7;7;7;7;7;5;7;5;7;3;3;7;7;3;7;b553171f54659ec6060fb90067c8e78f
9/2/2020 4:35:21;9/2/2020 4:37:11;0;63;109;0;9/2/2020 5:35:30;anonymous;EN-GB;1;60;1;1; ;2;1;10;2;8; ; ; ; ; ; ; ; ; ; ; ; ; ; ; ; ; ; ; ; ; ; ; ;ccd4cf0a8bba33d68139fb3d7b7df21e
9/2/2020 5:39:57;9/2/2020 5:43:12;0;100;194;1;9/2/2020 5:43:12;anonymous;EN-GB;1;35;1;1; ;2;2;10;10;10;2;2;4;3;3;3;4;5;5;3;6;7;2;5;5;5;4;7;7;2;3;7;2;33414709fa8fb005cd76224aea1853b6
9/2/2020 4:52:23;9/2/2020 4:55:14;0;84;171;0;9/2/2020 5:52:37;anonymous;EN-GB;1;73;2;1; ;2;1;8;1;8;2;2;4;2;3;2;2; ; ; ; ; ; ; ; ; ; ; ; ; ; ; ; ;94ad430f4f6c3f2c836ab14b71168f0b
9/2/2020 5:06:21;9/2/2020 5:08:32;0;84;131;0;9/2/2020 6:06:37;anonymous;EN-GB;1;48;1;1; ;4;5;8;9;9;2;2;4;4;2;2;3; ; ; ; ; ; ; ; ; ; ; ; ; ; ; ; ;b647bbf94a66d092dcd585ce1cc0cbc5
9/2/2020 6:23:49;9/2/2020 6:27:19;0;100;209;1;9/2/2020 6:27:19;anonymous;EN-GB;1;75;1;1; ;2;2;10;0;0;1;2;4;4;4;4;4;4;4;4;4;4;4;4;4;4;4;4;4;4;4;4;4;d6d979999f73b59bff496f2bec0b24f0
9/2/2020 6:56:18;9/2/2020 7:00:24;0;100;246;1;9/2/2020 7:00:24;anonymous;EN-GB;1;75;2;1; ;2;1;10;0;7;2;2;5;2;3;1;2;4;1;6;4;5;5;7;4;7;5;6;6;5;4;7;3;5955357262b02bf44eee29b43d30f4d3
9/2/2020 7:03:16;9/2/2020 7:07:25;0;100;248;1;9/2/2020 7:07:25;anonymous;EN-GB;1;73;2;1; ;3;1;8;6;8;1;2;4;4;2;2;2;4;4;3;3;3;3;3;4;4;4;4;4;3;3;3;3;8866fe369969017a1e63d0d367775e92
9/2/2020 7:15:50;9/2/2020 7:18:50;0;100;180;1;9/2/2020 7:18:51;anonymous;EN-GB;1;53;1;1; ;4;1;9;9;7;1;2;4;4;4;4;4;4;4;4;4;4;4;4;4;4;4;4;4;4;4;4;4;d130a44b710ca06508f377b76cb8798c
9/2/2020 7:47:39;9/2/2020 7:51:07;0;100;208;1;9/2/2020 7:51:07;anonymous;EN-GB;1;56;2;1; ;4;2;6;9;8;1;2;4;3;4;4;3;5;5;5;5;6;4;6;6;6;5;3;3;6;5;5;5;d5e14d11892921a68a0f80fa1f26b138
9/2/2020 7:48:13;9/2/2020 7:51:15;0;100;181;1;9/2/2020 7:51:15;anonymous;EN-GB;1;72;1;1; ;2;2;2;0;1;1;2;5;5;1;1;1;3;2;2;6;6;2;6;1;6;1;5;5;2;2;5;2;4f45f01f753169ce86439fb1fe040645
9/2/2020 7:46:27;9/2/2020 7:52:14;0;100;346;1;9/2/2020 7:52:14;anonymous;EN-GB;1;51;1;1; ;4;1;8;8;8;1;3;6;6;6;6;6;7;7;7;7;7;7;7;7;7;7;1;1;7;1;7;1;a1f67b5abd216102654a1a528d0a3b6b
9/2/2020 7:47:15;9/2/2020 7:53:04;0;100;348;1;9/2/2020 7:53:04;anonymous;EN-GB;1;51;2;1; ;3;1;8;8;8;2;2;4;4;4;4;4;4;5;5;5;5;5;5;5;5;5;2;2;5;5;3;5;d23354669a2bc5985bcf645a25a23f2d
9/2/2020 7:50:10;9/2/2020 7:53:42;0;100;212;1;9/2/2020 7:53:43;anonymous;EN-GB;1;65;2;1; ;2;1;5;0;6;2;2;4;2;4;4;4;2;4;4;5;5;4;5;5;5;4;3;3;4;5;5;5;96ba26c9229393a1b59fa3c7ab8429aa
9/2/2020 7:49:35;9/2/2020 7:55:28;0;100;353;1;9/2/2020 7:55:28;anonymous;EN-GB;1;74;2;1; ;3;1;8;5;5;2;2;1;1;1;1;1;1;1;1;7;1;1;7;1;7;1;1;1;1;1;1;1;4046588b01ae22c72d94b6682467b064
9/2/2020 7:55:41;9/2/2020 7:58:28;0;100;166;1;9/2/2020 7:58:28;anonymous;EN-GB;1;52;1;1; ;2;1;9;9;5;3;2;4;2;4;1;1;2;2;2;2;2;2;2;2;2;2;2;2;2;2;2;2;b281ee3ad5e9f6b9a711fcb07f28dd2d
9/2/2020 7:56:18;9/2/2020 8:00:04;0;100;225;1;9/2/2020 8:00:04;anonymous;EN-GB;1;62;1;1; ;3;2;8;9;5;1;2;4;1;1;2;1;5;4;3;3;7;4;5;5;5;4;3;3;4;4;4;4;7c9f40905e93d42a98bebcabf5f4f75d
9/2/2020 7:52:18;9/2/2020 8:01:54;0;100;576;1;9/2/2020 8:01:55;anonymous;EN-GB;1;33;1;1; ;4;1;5;5;5;3;2;4;4;4;4;4;4;4;4;4;4;4;4;4;4;4;4;4;4;4;4;4;c2e5ca7bdb93913cf660b3f10c8b3639
9/2/2020 7:52:57;9/2/2020 8:03:12;0;100;614;1;9/2/2020 8:03:12;anonymous;EN-GB;1;44;2;1; ;4;3;8;3;6;1;2;6;5;4;5;4;5;5;5;7;7;5;7;7;7;6;4;4;5;5;5;6;160e3feac3a082081940a821be6774df
9/2/2020 8:00:25;9/2/2020 8:03:17;0;100;171;1;9/2/2020 8:03:17;anonymous;EN-GB;1;53;2;1; ;3;2;4;6;5;1;2;5;5;5;5;5;6;5;4;7;6;4;5;6;6;6;7;7;4;3;7;3;f4df7f913fbbd2e8d496afc60b107d60
9/2/2020 7:56:53;9/2/2020 8:04:54;0;100;481;1;9/2/2020 8:04:54;anonymous;EN-GB;1;52;1;1; ;4;5;8;1;10;1;2;6;6;7;7;7;7;7;6;7;7;6;7;7;7;7;1;1;6;6;3;7;26a4b8ee35e3fadf9e3954dace46b827
9/2/2020 7:56:42;9/2/2020 8:08:39;0;100;717;1;9/2/2020 8:08:40;anonymous;EN-GB;1;57;1;1; ;2;1;0;0;0;2;2;4;2;2;1;2;4;4;1;5;5;3;6;2;6;5;7;7;2;4;7;3;3366681bcefdb1aa3dac7f06fedf3030
9/2/2020 8:05:54;9/2/2020 8:09:40;0;100;225;1;9/2/2020 8:09:40;anonymous;EN-GB;1;64;1;1; ;2;5;8;0;5;1;2;4;4;4;4;4;4;4;4;4;4;4;4;4;4;4;4;4;4;4;4;4;328d8f2879f5cda50704e5f398d8d3c6
9/2/2020 8:06:30;9/2/2020 8:09:43;0;100;193;1;9/2/2020 8:09:44;anonymous;EN-GB;1;74;2;1; ;2;1;9;0;5;1;2;4;4;4;4;4;4;4;4;4;5;5;5;5;4;5;5;5;5;5;5;5;f4409601db26fc3676c0404ef70a1b40
9/2/2020 8:04:19;9/2/2020 8:10:13;0;100;354;1;9/2/2020 8:10:13;anonymous;EN-GB;1;69;1;1; ;4;1;7;8;5;2;2;3;2;3;2;2;2;2;3;2;4;2;4;3;5;5;5;5;2;2;5;2;6ed93245c639c15179baf74d59fbbe3a
9/2/2020 8:09:50;9/2/2020 8:11:44;0;100;113;1;9/2/2020 8:11:44;anonymous;EN-GB;1;40;1;1; ;2;1;10;5;5;3;2;4;4;5;4;4;4;4;4;4;5;4;4;5;5;5;5;4;4;4;4;4;67d85ac26a810b5b397b6487f96398bc
9/2/2020 8:08:19;9/2/2020 8:12:51;0;100;272;1;9/2/2020 8:12:51;anonymous;EN-GB;1;64;1;1; ;2;1;7;0;4;1;2;5;5;7;7;7;7;5;6;6;6;4;7;7;6;7;5;4;4;4;5;5;017bb81bc2bd71aead961393f1fc7e6f
9/2/2020 7:13:23;9/2/2020 7:14:05;0;5;42;0;9/2/2020 8:14:04;anonymous;EN-GB; ; ; ; ; ; ; ; ; ; ; ; ; ; ; ; ; ; ; ; ; ; ; ; ; ; ; ; ; ; ; ; ; ;069f00318d87ee66015c1e3ddca7fa52
9/2/2020 8:08:49;9/2/2020 8:15:23;0;100;393;1;9/2/2020 8:15:23;anonymous;EN-GB;1;21;1;1; ;1;2;5;2;8;3;2;4;4;4;4;4;3;3;2;7;6;2;4;2;6;2;7;7;2;2;7;2;f2e281669e040f2bf9f51307305d4318
9/2/2020 8:14:36;9/2/2020 8:17:38;0;100;181;1;9/2/2020 8:17:38;anonymous;EN-GB;1;36;2;1; ;4;1;3;5;5;1;2;4;1;4;4;4;7;7;4;7;5;6;6;6;6;7;3;3;6;7;5;6;aa075a3b721d83a9aac247b26b9e931c
9/2/2020 8:15:14;9/2/2020 8:18:43;0;100;208;1;9/2/2020 8:18:43;anonymous;EN-GB;1;48;1;1; ;2;1;10;6;10;1;2;7;7;7;7;7;7;7;7;1;1;7;1;7;1;7;4;1;7;7;1;7;248c0787bd3f819df8d4f01d5edf7a1e
9/2/2020 8:16:07;9/2/2020 8:19:01;0;100;173;1;9/2/2020 8:19:01;anonymous;EN-GB;1;65;1;1; ;4;1;9;3;6;1;2;2;5;2;1;1;4;5;5;4;5;5;5;5;5;6;5;5;3;6;6;5;04fbdc115525e222555307695f9651e6
9/2/2020 8:16:29;9/2/2020 8:19:43;0;100;194;1;9/2/2020 8:19:43;anonymous;EN-GB;1;61;2;1; ;4;1;3;1;2;1;2;4;4;4;4;4;4;3;3;5;4;4;5;5;6;6;5;4;5;6;6;6;95542ff2ddd4d2ab30b240861bc7d43d
9/2/2020 8:18:53;9/2/2020 8:23:10;0;100;257;1;9/2/2020 8:23:11;anonymous;EN-GB;1;47;1;1; ;2;1;8;5;8;1;2;3;3;3;3;1;5;5;5;5;5;5;5;7;5;5;6;6;5;6;5;6;618c407556977b598ded1773d440b624
9/2/2020 8:18:22;9/2/2020 8:23:55;0;100;332;1;9/2/2020 8:23:55;anonymous;EN-GB;1;58;1;1; ;4;1;10;10;10;2;2;5;5;1;1;1;7;5;5;7;7;5;7;7;7;7;7;7;5;1;7;7;bdd344a2c378d9a11443d543b043e94b
9/2/2020 8:24:29;9/2/2020 8:27:27;0;100;178;1;9/2/2020 8:27:28;anonymous;EN-GB;1;66;2;1; ;2;1;0;0;0;1;2;4;4;4;4;4;1;1;1;1;1;1;1;1;1;1;1;1;1;1;1;1;92d045311c081259d937a400c462174d
9/2/2020 8:18:24;9/2/2020 8:28:46;0;100;622;1;9/2/2020 8:28:47;anonymous;EN-GB;1;55;2;1; ;4;1;6;8;6;1;2;4;4;4;4;4;4;4;4;4;4;4;4;7;4;7;6;5;4;4;4;4;9079f20fdcc11baaf401f4c12ad50d73
9/2/2020 8:22:21;9/2/2020 8:28:56;0;100;395;1;9/2/2020 8:28:56;anonymous;EN-GB;1;73;2;1; ;4;1;7;6;6;2;2;2;1;1;4;1;6;5;3;7;5;2;7;5;6;5;6;5;3;4;5;4;364ee15ff6dc20b983686a3929fc30fe
9/2/2020 8:27:12;9/2/2020 8:29:58;0;100;165;1;9/2/2020 8:29:58;anonymous;EN-GB;1;42;2;1; ;4;1;8;8;8;1;2;5;6;6;5;6;6;6;5;5;6;6;5;6;6;5;5;6;7;7;7;7;ca1081bc037c5cec76c48a815fb26d67
9/2/2020 8:26:30;9/2/2020 8:30:13;0;100;222;1;9/2/2020 8:30:13;anonymous;EN-GB;1;64;2;1; ;3;2;8;8;7;1;2;5;4;1;1;1;7;7;6;7;7;5;7;7;7;7;5;5;4;4;7;6;67c1141f6e43610ce74fbdc645c811d0
9/2/2020 8:28:59;9/2/2020 8:30:53;0;100;113;1;9/2/2020 8:30:53;anonymous;EN-GB;1;69;2;3;Irish;2;1;4;0;0; ; ; ; ; ; ; ; ; ; ; ; ; ; ; ; ; ; ; ; ; ; ; ;c0dae5f989136dada055c631e22aa1ea
9/2/2020 8:18:11;9/2/2020 8:31:20;0;100;789;1;9/2/2020 8:31:20;anonymous;EN-GB;1;35;1;1; ;2;5;9;1;8;3;2;4;4;1;2;2;6;5;4;7;6;4;7;7;7;5;7;5;2;1;7;1;4d6f9204636c65ef76e4cf2f4bfa4644
9/2/2020 8:22:42;9/2/2020 8:32:58;0;100;616;1;9/2/2020 8:32:58;anonymous;EN-GB;1;66;1;1; ;2;2;7;1;8;1;2;5;5;5;5;5;5;5;4;5;5;4;5;6;6;6;5;3;4;4;3;4;d3dbc82b31cf75ae13c3205326763948
9/2/2020 8:32:16;9/2/2020 8:35:40;0;100;204;1;9/2/2020 8:35:41;anonymous;EN-GB;1;57;2;1; ;4;1;7;7;6;1;3;6;6;6;6;6;4;7;7;5;5;6;4;7;5;6;2;2;7;6;6;2;00b141c45c86b15db1de4af808db022d
9/2/2020 8:29:52;9/2/2020 8:36:56;0;100;423;1;9/2/2020 8:36:56;anonymous;EN-GB;1;69;1;1; ;2;1;2;0;0;2;2;3;1;4;4;4;4;7;4;7;7;5;5;5;5;5;6;4;5;7;5;7;e4408e5380385ead655b8fbdd4dccd3d
9/2/2020 8:40:44;9/2/2020 8:43:31;0;100;167;1;9/2/2020 8:43:31;anonymous;EN-GB;1;28;1;1; ;4;4;0;0;0;1;2;4;4;4;4;4;1;1;1;1;1;1;7;1;1;1;4;4;1;1;4;4;0c51a615e46fcb13c67073453aa451f5
9/2/2020 8:41:10;9/2/2020 8:45:38;0;100;268;1;9/2/2020 8:45:38;anonymous;EN-GB;1;70;1;1; ;2;1;4;0;4;2;2;4;4;4;4;4;4;3;4;6;6;3;6;5;6;5;4;4;3;2;5;3;995f096cd6ba5ebe6593e5beed3aa9f7
9/2/2020 7:48:09;9/2/2020 7:51:05;0;84;175;0;9/2/2020 8:48:15;anonymous;EN-GB;1;69;2;1; ;2;1;2;1;3;1;2;4;4;4;4;4; ; ; ; ; ; ; ; ; ; ; ; ; ; ; ; ;f7083b2ae993e180ea30b6dd52ac8ade
9/2/2020 7:48:45;9/2/2020 7:50:02;0;47;76;0;9/2/2020 8:49:26;anonymous;EN-GB;1;59;1;1; ;3;5;8;9;9; ; ; ; ; ; ; ; ; ; ; ; ; ; ; ; ; ; ; ; ; ; ; ;24cfffbdce8b693781242a1f5adf99bc
9/2/2020 8:45:16;9/2/2020 8:50:42;0;100;326;1;9/2/2020 8:50:46;anonymous;EN-GB;1;53;1;1; ;4;1;8;9;8;1;2;4;4;2;2;2;2;4;3;6;6;6;5;5;7;6;5;5;5;3;5;2;34f8d770bd6fb1d103ea985fd35886e8
9/2/2020 7:53:19;9/2/2020 7:55:34;0;63;135;0;9/2/2020 8:53:46;anonymous;EN-GB;1;52;1;1; ;2;1;8;0;5; ; ; ; ; ; ; ; ; ; ; ; ; ; ; ; ; ; ; ; ; ; ; ;b281ee3ad5e9f6b9a711fcb07f28dd2d
9/2/2020 8:50:09;9/2/2020 8:54:24;0;100;255;1;9/2/2020 8:54:25;anonymous;EN-GB;1;59;2;1; ;3;1;1;2;0;1;2;4;4;2;2;2;3;4;6;7;7;4;7;5;7;3;4;2;5;4;3;4;3c6837ef9f4c5b09fbf5232a3e34dc9f
9/2/2020 8:50:36;9/2/2020 8:54:38;0;100;241;1;9/2/2020 8:54:38;anonymous;EN-GB;1;49;2;1; ;3;2;7;6;1;2;2;4;3;4;4;4;5;6;5;7;7;4;7;5;7;6;5;4;5;5;7;5;61a1fb5975c0d2669a3083c63a308312
9/2/2020 8:50:14;9/2/2020 8:54:46;0;100;272;1;9/2/2020 8:54:47;anonymous;EN-GB;1;74;2;1; ;2;1;2;0;0;3;2;4;4;3;3;3;5;4;3;5;7;4;7;4;7;4;3;3;3;3;4;2;5b4542923401193e6967bf0a828ec821
9/2/2020 7:54:34;9/2/2020 7:54:46;0;11;11;0;9/2/2020 8:54:49;anonymous;EN-GB;1; ; ; ; ; ; ; ; ; ; ; ; ; ; ; ; ; ; ; ; ; ; ; ; ; ; ; ; ; ; ; ; ;59064af519b4e2f3b91c9850c616284a
9/2/2020 7:55:10;9/2/2020 7:58:50;0;63;219;0;9/2/2020 8:55:10;anonymous;EN-GB;1;57;1;1; ;2;1;9;10;9; ; ; ; ; ; ; ; ; ; ; ; ; ; ; ; ; ; ; ; ; ; ; ;59064af519b4e2f3b91c9850c616284a
9/2/2020 8:51:36;9/2/2020 8:55:53;0;100;256;1;9/2/2020 8:55:53;anonymous;EN-GB;1;68;1;1; ;2;5;5;2;6;1;2;6;6;5;7;7;7;7;7;7;6;7;7;7;7;7;7;7;7;7;7;7;d22c7536800cda0a593498ab72c3f2b6
9/2/2020 8:52:46;9/2/2020 8:57:42;0;100;295;1;9/2/2020 8:57:42;anonymous;EN-GB;1;48;1;1; ;2;1;5;0;2;1;2;4;5;5;5;5;7;7;7;7;7;6;7;7;7;7;3;7;7;7;7;7;e4b61a3aaadaefae24bf8049228a287b
9/2/2020 7:59:03;9/2/2020 7:59:11;0;5;7;0;9/2/2020 8:59:18;anonymous;EN-GB; ; ; ; ; ; ; ; ; ; ; ; ; ; ; ; ; ; ; ; ; ; ; ; ; ; ; ; ; ; ; ; ; ;59064af519b4e2f3b91c9850c616284a
9/2/2020 8:53:57;9/2/2020 8:59:29;0;100;332;1;9/2/2020 8:59:29;anonymous;EN-GB;1;60;1;1; ;2;5;7;2;7;2;2;4;2;2;2;2;4;3;2;4;4;3;4;5;4;2;7;6;3;3;5;4;5c0e3a1040bfc48451f38d97576f3754
9/2/2020 8:01:29;9/2/2020 8:04:42;0;63;193;0;9/2/2020 9:01:40;anonymous;EN-GB;1;67;1;1; ;2;1;3;1;1; ; ; ; ; ; ; ; ; ; ; ; ; ; ; ; ; ; ; ; ; ; ; ;31592b1e7dbf88b3a0ac02c370a497a5
9/2/2020 8:01:43;9/2/2020 8:14:33;0;63;769;0;9/2/2020 9:01:56;anonymous;EN-GB;1;36;2;1; ;4;1;2;5;5; ; ; ; ; ; ; ; ; ; ; ; ; ; ; ; ; ; ; ; ; ; ; ;aa075a3b721d83a9aac247b26b9e931c
9/2/2020 8:59:14;9/2/2020 9:02:01;0;100;166;1;9/2/2020 9:02:01;anonymous;EN-GB;1;55;2;1; ;4;1;7;9;6;1;2;4;3;2;2;2;2;2;2;6;4;2;6;3;6;2;4;4;3;2;4;4;c5deabc6b38d6d8aeffd6b96577ca4ce
9/2/2020 9:02:12;9/2/2020 9:03:04;0;100;51;1;9/2/2020 9:03:04;anonymous;EN-GB;1;52;1;3;Polish;4;3;7;7;7; ; ; ; ; ; ; ; ; ; ; ; ; ; ; ; ; ; ; ; ; ; ; ;67c74147625e4da42400f459b6134b5a
9/2/2020 9:01:10;9/2/2020 9:05:24;0;100;254;1;9/2/2020 9:05:25;anonymous;EN-GB;1;66;1;1; ;4;1;7;5;5;2;2;4;4;4;4;4;6;6;6;7;6;7;7;7;7;5;4;5;7;7;5;7;b5e5cb286427f4e93dbe62e79fb7ac8a
9/2/2020 8:04:52;9/2/2020 8:07:34;0;84;161;0;9/2/2020 9:05:26;anonymous;EN-GB;1;67;1;1; ;2;1;4;1;1;3;2;3;4;4;4;4; ; ; ; ; ; ; ; ; ; ; ; ; ; ; ; ;31592b1e7dbf88b3a0ac02c370a497a5
9/2/2020 8:07:20;9/2/2020 8:53:41;0;84;2780;0;9/2/2020 9:07:44;anonymous;EN-GB;1;60;1;1; ;2;5;5;0;8;2;2;4;3;1;1;1; ; ; ; ; ; ; ; ; ; ; ; ; ; ; ; ;5c0e3a1040bfc48451f38d97576f3754
9/2/2020 8:08:12;9/2/2020 8:23:33;0;63;920;0;9/2/2020 9:08:30;anonymous;EN-GB;1;64;2;1; ;3;1;7;7;5; ; ; ; ; ; ; ; ; ; ; ; ; ; ; ; ; ; ; ; ; ; ; ;046752c2faa28970c81f6330d06b21ed
9/2/2020 9:05:32;9/2/2020 9:08:50;0;100;197;1;9/2/2020 9:08:50;anonymous;EN-GB;1;58;2;1; ;2;2;10;0;10;1;2;2;2;2;2;2;1;1;1;7;7;1;7;2;7;2;7;7;1;2;7;2;1c70d82afea2fcadc819c421f001948e
9/2/2020 8:17:38;9/2/2020 8:23:44;0;84;365;0;9/2/2020 9:17:46;anonymous;EN-GB;1;74;1;1; ;2;1;8;9;10;2;2;1;1;1;1;1; ; ; ; ; ; ; ; ; ; ; ; ; ; ; ; ;d71b4588ff26d9e023bd08a46df59e9e
9/2/2020 9:12:02;9/2/2020 9:18:04;0;100;362;1;9/2/2020 9:18:05;anonymous;EN-GB;1;69;2;1; ;2;5;1;0;0;2;2;2;2;4;2;3;3;2;2;2;2;2;4;2;2;2;2;2;2;2;2;2;75c680768273a1a522548507b868a4f4
9/2/2020 9:15:06;9/2/2020 9:18:31;0;100;204;1;9/2/2020 9:18:31;anonymous;EN-GB;1;50;2;1; ;3;2;3;10;5;3;2;4;5;1;1;1;7;7;4;6;7;4;7;3;7;2;5;1;4;5;4;6;586fc14e4d1f2c7c7c5fe8f0db19386b
9/2/2020 9:17:32;9/2/2020 9:23:39;0;100;367;1;9/2/2020 9:23:40;anonymous;EN-GB;1;67;1;1; ;2;1;8;1;4;1;2;6;6;5;5;5;6;6;5;5;5;5;6;6;6;6;5;5;5;5;5;5;8764ca5e6134a0c27832197402688f20
9/2/2020 9:19:43;9/2/2020 9:25:38;0;100;354;1;9/2/2020 9:25:38;anonymous;EN-GB;1;50;1;1; ;2;1;4;1;6;1;2;4;4;4;3;3;7;7;6;7;7;7;7;6;7;7;7;7;4;6;7;7;d4f0a92baaf87a06760f436d56bb2130
9/2/2020 8:27:20;9/2/2020 8:38:25;0;89;665;0;9/2/2020 9:27:30;anonymous;EN-GB;1;74;1;1; ;2;1;9;10;10;2;2;5;1;1;1;1;1;1;1;1;1;1;1;1;1;1;1;1;1;1;1;1;d71b4588ff26d9e023bd08a46df59e9e
9/2/2020 9:25:11;9/2/2020 9:28:50;0;100;218;1;9/2/2020 9:28:50;anonymous;EN-GB;1;23;2;1; ;4;2;4;6;1;2;2;4;4;4;3;2;4;4;4;4;4;4;4;4;5;3;4;5;4;4;4;4;7c34ca201ff7ba70df3c184587a6a3d3
9/2/2020 9:25:02;9/2/2020 9:29:06;0;100;244;1;9/2/2020 9:29:06;anonymous;EN-GB;1;74;1;1; ;2;5;8;0;0;1;2;5;3;3;3;3;4;4;4;4;4;4;4;5;4;5;7;7;4;4;4;4;a2beeee820d6f136c9ab559f67b93440
9/2/2020 9:28:21;9/2/2020 9:31:48;0;100;207;1;9/2/2020 9:31:49;anonymous;EN-GB;1;51;1;1; ;2;1;9;0;2;2;2;5;5;7;7;4;4;7;6;7;7;7;7;7;7;7;7;1;7;7;7;7;8b577982de30f908313bef792cebedcb
9/2/2020 9:25:49;9/2/2020 9:33:12;0;100;442;1;9/2/2020 9:33:12;anonymous;EN-GB;1;61;2;1; ;1;5;3;0;0;1;2;4;4;4;4;4;4;1;1;1;1;1;1;1;1;2;1;1;1;1;1;1;035d2485f5e7135b9a899f72b87a7e5e
9/2/2020 9:32:20;9/2/2020 9:34:15;0;100;115;1;9/2/2020 9:34:16;anonymous;EN-GB;1;39;2;1; ;3;2;8;8;3;3;2;4;4;4;4;4;3;3;4;4;3;4;4;4;3;4;5;3;4;6;4;4;de83aaf3dd43323b232347df68205a6e
9/2/2020 9:30:54;9/2/2020 9:35:59;0;100;305;1;9/2/2020 9:35:59;anonymous;EN-GB;1;69;1;1; ;2;5;8;0;0;1;2;4;4;4;4;4;5;5;5;6;6;4;6;5;6;6;4;4;5;5;5;5;31cc6ce324c14096282e03999bad82e1
9/2/2020 8:40:18;9/2/2020 8:41:18;0;63;60;0;9/2/2020 9:40:21;anonymous;EN-GB;1;65;2;1; ;4;5;5;5;5; ; ; ; ; ; ; ; ; ; ; ; ; ; ; ; ; ; ; ; ; ; ; ;64c6060d2043e61e0e4543c1f41f751e
9/2/2020 9:19:57;9/2/2020 9:40:34;0;100;1237;1;9/2/2020 9:40:34;anonymous;EN-GB;1;31;2;1; ;3;2;9;4;6;1;2;4;4;4;4;4;3;3;3;7;5;4;7;3;7;5;7;6;2;4;7;4;1ef4c80f742f448dd11758a714d3928a
9/2/2020 9:38:39;9/2/2020 9:42:57;0;100;258;1;9/2/2020 9:42:57;anonymous;EN-GB;1;75;2;1; ;3;4;9;0;7;1;2;4;4;4;4;4;5;5;5;6;6;5;6;7;6;7;3;3;5;3;6;4;240111cb795e576b24ae3459ee2220c8
9/2/2020 9:41:36;9/2/2020 9:47:40;0;100;364;1;9/2/2020 9:47:41;anonymous;EN-GB;1;43;1;1; ;4;1;9;5;5;3;2;4;2;3;3;3;4;7;6;7;7;4;7;7;7;7;3;3;7;5;5;5;1030a524404b0bab064b74f20a3df5e5
9/2/2020 9:44:28;9/2/2020 9:48:43;0;100;254;1;9/2/2020 9:48:43;anonymous;EN-GB;1;60;2;1; ;4;2;5;1;2;1;2;4;4;2;2;2;4;4;3;5;5;3;5;5;6;6;5;5;3;4;5;5;764476e33db999aed3108f63ebfcc32c
9/2/2020 9:47:18;9/2/2020 9:49:46;0;100;148;1;9/2/2020 9:49:46;anonymous;EN-GB;1;64;2;1; ;4;1;8;9;5;2;2;4;4;4;4;4;4;4;4;4;4;4;4;4;4;4;4;4;4;4;4;4;12838f70f33827ec31a866400863f5e7
9/2/2020 9:45:19;9/2/2020 9:52:00;0;100;400;1;9/2/2020 9:52:00;anonymous;EN-GB;1;40;1;1; ;2;2;5;5;8;2;2;4;4;4;4;4;5;5;3;7;7;2;7;6;7;6;3;4;4;4;4;4;8c182e1ffe318532210274487de92e6b
9/2/2020 9:46:02;9/2/2020 9:52:24;0;100;381;1;9/2/2020 9:52:24;anonymous;EN-GB;1;71;1;1; ;2;5;6;0;5;1;2;4;4;4;4;4;6;5;4;5;5;4;4;4;4;4;6;5;4;4;5;5;537aebb190f0e26ddb798fdd5df3a1f8
9/2/2020 9:49:50;9/2/2020 9:52:52;0;100;182;1;9/2/2020 9:52:53;anonymous;EN-GB;1;36;1;1; ;4;3;7;8;8;3;2;4;4;4;4;4;4;4;4;6;6;3;7;3;7;2;4;4;3;3;4;3;9bc7b229f6b51e24ebc49fb87bc39a89
9/2/2020 9:51:14;9/2/2020 9:54:03;0;100;168;1;9/2/2020 9:54:04;anonymous;EN-GB;1;50;1;1; ;4;1;3;5;7;1;2;7;7;6;6;6;7;7;7;7;7;7;7;7;7;7;1;1;7;7;7;7;af6c953ec38bd4a3a82b6fc27423be2c
9/2/2020 9:51:22;9/2/2020 9:54:19;0;100;177;1;9/2/2020 9:54:19;anonymous;EN-GB;1;36;1;1; ;3;2;8;10;8;1;2;5;5;5;3;4;7;7;7;4;7;7;7;7;6;7;7;7;7;7;7;4;85d213c8ee1e7d268d3e509501b22df0
9/2/2020 9:49:29;9/2/2020 9:54:31;0;100;301;1;9/2/2020 9:54:31;anonymous;EN-GB;1;71;2;1; ;2;2;0;0;0;2;2;4;4;4;4;4;1;1;1;1;1;1;1;6;5;7;5;7;2;1;1;1;01783afaade781e57b778121bf35a9ac
9/2/2020 9:50:21;9/2/2020 9:55:08;0;100;286;1;9/2/2020 9:55:08;anonymous;EN-GB;1;55;1;1; ;2;5;3;0;0;2;2;3;2;3;2;2;2;1;3;5;4;1;4;2;4;1;6;4;2;3;4;2;1b0220e5d004c3272742bca9e781be13
9/2/2020 9:02:13;9/2/2020 9:04:35;0;84;141;0;9/2/2020 10:02:14;anonymous;EN-GB;1;58;2;1; ;2;2;9;0;9;1;2;4;4;4;4;4; ; ; ; ; ; ; ; ; ; ; ; ; ; ; ; ;1c70d82afea2fcadc819c421f001948e
9/2/2020 9:57:10;9/2/2020 10:02:20;0;100;310;1;9/2/2020 10:02:20;anonymous;EN-GB;1;40;1;1; ;4;1;10;9;8;2;2;4;3;2;2;2;5;4;1;3;6;1;7;7;7;7;3;2;5;2;6;3;a8df09fd55080539e9847377dd17623a
9/2/2020 9:56:32;9/2/2020 10:02:37;0;100;365;1;9/2/2020 10:02:37;anonymous;EN-GB;1;74;2;1; ;2;5;8;0;2;3;2;4;1;1;1;1;7;7;4;6;6;4;4;6;4;4;3;4;4;5;6;5;57e59e4702c020f81ae7a43439c510c8
9/2/2020 9:58:46;9/2/2020 10:02:41;0;100;235;1;9/2/2020 10:02:42;anonymous;EN-GB;1;75;1;1; ;3;2;4;0;0;1;2;5;5;5;5;5;3;5;5;5;5;4;5;7;5;7;4;6;4;5;7;6;abde38eda56152f417a32d0d95f18bef
9/2/2020 9:04:38;9/2/2020 9:05:29;0;47;50;0;9/2/2020 10:05:03;anonymous;EN-GB;1;58;2;1; ;2;2;10;0;10; ; ; ; ; ; ; ; ; ; ; ; ; ; ; ; ; ; ; ; ; ; ; ;1c70d82afea2fcadc819c421f001948e
9/2/2020 10:00:51;9/2/2020 10:07:26;0;100;394;1;9/2/2020 10:07:26;anonymous;EN-GB;1;47;1;1; ;3;5;5;10;5;1;3;4;3;4;4;5;6;6;6;4;4;4;5;4;4;7;4;4;4;4;4;7;efb3f763e3dbe73d8ed30aca7b1cdb7e
9/2/2020 9:12:17;9/2/2020 9:16:02;0;84;225;0;9/2/2020 10:12:20;anonymous;EN-GB;1;50;1;1; ;4;2;10;10;10;2;2;4;4;4;4;4; ; ; ; ; ; ; ; ; ; ; ; ; ; ; ; ;363f4dc9c9ff991b4bce17113c846e85
9/2/2020 10:16:01;9/2/2020 10:16:40;0;100;39;1;9/2/2020 10:16:40;anonymous;EN-GB;1;50;1;3;Brazilian;4;2;9;10;7; ; ; ; ; ; ; ; ; ; ; ; ; ; ; ; ; ; ; ; ; ; ; ;88775d66147ec776096ba76b5f85b5e8
9/2/2020 10:14:14;9/2/2020 10:18:08;0;100;233;1;9/2/2020 10:18:08;anonymous;EN-GB;1;58;1;1; ;2;2;2;0;0;2;2;2;1;1;1;1;4;1;1;5;5;1;4;5;5;7;3;1;3;1;4;1;15d0521302c9a914d2da032fb9e450f0
9/2/2020 9:20:24;9/2/2020 9:21:28;0;74;63;0;9/2/2020 10:20:49;anonymous;EN-GB;1;61;2;1; ;3;3;2;10;10;2;2; ; ; ; ; ; ; ; ; ; ; ; ; ; ; ; ; ; ; ; ; ;93d044f72041b64c66c14d5250bcb4c3
9/2/2020 10:22:15;9/2/2020 10:25:08;0;100;172;1;9/2/2020 10:25:08;anonymous;EN-GB;1;54;2;1; ;4;1;3;1;3;1;2;4;4;4;4;4;2;1;1;7;7;1;7;1;7;1;4;1;1;1;4;1;a1c04fcdf297c4702b984c9b65fd6d45
9/2/2020 9:25:45;9/2/2020 9:25:57;0;5;11;0;9/2/2020 10:26:00;anonymous;EN-GB; ; ; ; ; ; ; ; ; ; ; ; ; ; ; ; ; ; ; ; ; ; ; ; ; ; ; ; ; ; ; ; ; ;8b577982de30f908313bef792cebedcb
9/2/2020 9:26:10;9/2/2020 9:27:56;0;63;105;0;9/2/2020 10:26:16;anonymous;EN-GB;1;51;1;1; ;2;1;9;0;0; ; ; ; ; ; ; ; ; ; ; ; ; ; ; ; ; ; ; ; ; ; ; ;8b577982de30f908313bef792cebedcb
9/2/2020 10:22:54;9/2/2020 10:28:32;0;100;337;1;9/2/2020 10:28:32;anonymous;EN-GB;1;65;2;1; ;3;1;0;0;0;1;2;6;6;3;7;7;7;7;7;7;7;7;7;7;7;7;1;1;7;7;1;7;3ea9276b52af959cbbedb40da42090d2
9/2/2020 9:29:05;9/2/2020 9:29:53;0;11;48;0;9/2/2020 10:29:31;anonymous;EN-GB;1; ; ; ; ; ; ; ; ; ; ; ; ; ; ; ; ; ; ; ; ; ; ; ; ; ; ; ; ; ; ; ; ;ce13e3a9ef0cf49f4db22c539e53464c
9/2/2020 10:32:05;9/2/2020 10:35:36;0;100;210;1;9/2/2020 10:35:36;anonymous;EN-GB;1;25;2;1; ;4;3;5;6;5;2;2;4;4;4;4;4;4;4;4;4;4;4;4;4;4;4;4;4;4;4;4;4;0d6e6b2370335b9e94a16e544da99023
9/2/2020 10:33:38;9/2/2020 10:36:35;0;100;177;1;9/2/2020 10:36:36;anonymous;EN-GB;1;43;2;1; ;4;2;8;7;9;1;1;7;7;5;6;4;6;4;4;5;6;4;6;6;7;7;5;4;6;5;6;5;d9b6fa550a094bfef59689d8305e0cf5
9/2/2020 10:33:52;9/2/2020 10:38:49;0;100;297;1;9/2/2020 10:38:49;anonymous;EN-GB;1;58;2;1; ;2;1;6;5;5;2;2;4;2;4;4;4;7;4;5;7;7;6;7;6;7;5;6;7;6;6;6;6;9eaed7bbac376b5eeacf7454e2f3b6b9
9/2/2020 9:41:12;9/2/2020 9:42:49;0;42;96;0;9/2/2020 10:41:25;anonymous;EN-GB;1;38;1;1; ;2;1;8;0;8; ; ; ; ; ; ; ; ; ; ; ; ; ; ; ; ; ; ; ; ; ; ; ;b79c08f09aa4b3cc53e657170e9332c9
9/2/2020 10:40:13;9/2/2020 10:43:27;0;100;194;1;9/2/2020 10:43:28;anonymous;EN-GB;1;61;2;1; ;4;1;1;7;3;1;2;5;5;6;7;7;7;7;7;7;7;7;7;7;7;7;7;7;7;7;7;7;9ab8e93e37e30b023158e6df5af7290f
9/2/2020 10:45:40;9/2/2020 10:50:16;0;100;275;1;9/2/2020 10:50:16;anonymous;EN-GB;1;62;1;1; ;2;5;8;3;8;2;2;4;4;5;4;5;7;7;7;7;7;7;7;7;7;7;7;5;7;7;7;7;a83065f324a640d1429f4e6992f41068
9/2/2020 10:53:51;9/2/2020 10:56:46;0;100;175;1;9/2/2020 10:56:46;anonymous;EN-GB;1;66;2;1; ;2;3;3;0;3;1;2;3;2;1;1;1;6;6;5;5;5;5;5;6;5;6;6;5;5;5;5;5;7cef1ca34e5268f60a8352d7c0cfe35a
9/2/2020 10:53:45;9/2/2020 10:57:58;0;100;253;1;9/2/2020 10:57:58;anonymous;EN-GB;1;67;1;1; ;4;1;7;10;7;2;2;4;4;4;4;4;4;4;4;5;5;4;6;4;5;4;4;4;4;4;4;4;669a16dae8c53682e936c45c464d6f18
9/2/2020 10:56:42;9/2/2020 11:04:03;0;100;441;1;9/2/2020 11:04:03;anonymous;EN-GB;1;46;2;1; ;2;1;8;0;6;1;2;5;5;2;2;2;6;5;7;5;7;7;7;7;7;7;6;7;7;7;7;7;56624eb9a8982fd0aef816024d57225a
9/2/2020 11:04:30;9/2/2020 11:09:58;0;100;328;1;9/2/2020 11:09:58;anonymous;EN-GB;1;61;2;1; ;2;1;0;0;0;2;2;4;4;4;4;4;5;5;5;6;6;5;6;7;6;7;5;5;5;5;5;5;30b195422a4afaccda1b57625d07bd37
9/2/2020 11:07:45;9/2/2020 11:12:14;0;100;268;1;9/2/2020 11:12:14;anonymous;EN-GB;1;73;2;1; ;3;1;7;5;6;1;2;7;7;7;7;5;2;1;1;1;1;1;1;1;1;1;1;1;1;1;1;1;7e7cea019e850e4360facfe3e13cca0f
9/2/2020 11:14:07;9/2/2020 11:19:58;0;100;351;1;9/2/2020 11:19:58;anonymous;EN-GB;1;57;1;1; ;2;2;7;7;5;2;2;4;3;4;4;4;6;4;3;6;4;3;6;5;6;6;7;6;3;3;7;4;4c8b120493953530eaf78d9c34199f4b
9/2/2020 11:19:44;9/2/2020 11:22:18;0;100;154;1;9/2/2020 11:22:19;anonymous;EN-GB;1;31;2;1; ;4;2;10;9;8;1;2;4;5;2;2;4;1;2;2;4;3;4;4;6;6;7;4;4;3;5;5;5;9480b356261b6a567f6451203c3fecc9
9/2/2020 11:22:26;9/2/2020 11:25:13;0;100;166;1;9/2/2020 11:25:14;anonymous;EN-GB;1;40;1;1; ;4;1;5;8;4;3;2;5;5;4;4;4;5;6;6;6;6;6;5;6;4;5;4;3;5;6;3;3;9f5d12e54256a4c1f366cb93e3fabb7a
9/2/2020 11:29:51;9/2/2020 11:34:39;0;100;288;1;9/2/2020 11:34:39;anonymous;EN-GB;1;45;2;1; ;4;1;7;10;0;2;2;4;4;4;4;4;7;7;4;7;7;4;7;7;7;7;7;7;4;3;7;4;974ebf4c9cb5e7be622cf98eaa2505c0
9/2/2020 10:40:44;9/2/2020 10:45:33;0;95;288;0;9/2/2020 11:41:00;anonymous;EN-GB;1;58;1;1; ;3;1;8;3;0;1;2;5;5;5;5;5;6;6;6;6;6;6;6;7;6;7;6;3;6;6;5;7;97a069a26e0bbcd161b8b433e83d23eb
9/2/2020 11:40:05;9/2/2020 11:43:12;0;100;187;1;9/2/2020 11:43:13;anonymous;EN-GB;1;38;1;1; ;2;1;7;0;0;2;2;4;4;4;4;4;4;4;3;7;7;2;7;7;7;5;5;3;2;5;5;4;b79c08f09aa4b3cc53e657170e9332c9
9/2/2020 11:44:11;9/2/2020 11:48:35;0;100;263;1;9/2/2020 11:48:35;anonymous;EN-GB;1;41;1;1; ;4;5;10;10;10;3;2;5;5;4;4;4;3;3;4;7;5;4;7;4;7;7;4;4;4;4;4;4;a218c46b723d70e6ee097f507ad4e8ed
9/2/2020 11:47:09;9/2/2020 11:53:10;0;100;361;1;9/2/2020 11:53:10;anonymous;EN-GB;1;38;2;1; ;4;2;8;8;6;1;2;5;5;5;5;5;4;4;4;4;4;4;7;4;7;4;7;7;4;7;7;4;a679714be75f9f81a1411b4767718335
9/2/2020 12:01:34;9/2/2020 12:06:41;0;100;306;1;9/2/2020 12:06:41;anonymous;EN-GB;1;87;2;1; ;2;2;4;1;2;2;2;4;3;2;3;3;5;4;4;5;5;5;5;5;5;5;4;3;5;5;5;5;903c981d2687630f68741c548638159e
9/2/2020 11:06:33;9/2/2020 11:07:34;0;42;61;0;9/2/2020 12:06:52;anonymous;EN-GB;1;73;2;1; ;3;1;7;4;6; ; ; ; ; ; ; ; ; ; ; ; ; ; ; ; ; ; ; ; ; ; ; ;7e7cea019e850e4360facfe3e13cca0f
9/2/2020 12:06:42;9/2/2020 12:13:53;0;100;430;1;9/2/2020 12:13:53;anonymous;EN-GB;1;77;2;1; ;3;1;8;0;5;1;2;6;6;5;5;5;7;7;5;5;5;6;5;6;5;7;3;5;6;6;5;5;5ab83393d4022e574bd613a686683243
9/2/2020 12:09:30;9/2/2020 12:15:13;0;100;342;1;9/2/2020 12:15:13;anonymous;EN-GB;1;73;2;1; ;2;2;7;0;0;1;2;4;4;4;4;4;7;7;5;5;7;5;3;7;5;7;1;1;7;7;2;7;17dad711ffbb9ad47c2d5fcbb2cf2f4a
9/2/2020 12:16:47;9/2/2020 12:19:32;0;100;164;1;9/2/2020 12:19:32;anonymous;EN-GB;1;55;1;1; ;4;1;7;6;7;2;2;5;5;6;6;6;6;6;5;6;6;6;7;7;6;6;4;5;6;6;6;6;4e60f8ee6aae0a0c79c20150856682ae
9/2/2020 12:22:40;9/2/2020 12:26:52;0;100;251;1;9/2/2020 12:26:52;anonymous;EN-GB;1;70;1;1; ;2;1;7;1;3;1;2;3;4;4;4;4;4;2;6;4;5;3;6;7;4;6;4;4;3;4;5;3;9cbdbf16be8b9393dfbdfec7d48378ee
9/2/2020 12:19:09;9/2/2020 12:27:40;0;100;510;1;9/2/2020 12:27:40;anonymous;EN-GB;1;75;1;1; ;2;1;2;0;1;3;2;3;3;2;2;2;3;3;1;7;3;2;7;5;3;4;5;4;3;2;4;4;28372a7d1febe1c4184130caa2edd18b
9/2/2020 11:31:22;9/2/2020 11:34:39;0;63;197;0;9/2/2020 12:31:38;anonymous;EN-GB;1;43;2;1; ;4;1;8;8;8; ; ; ; ; ; ; ; ; ; ; ; ; ; ; ; ; ; ; ; ; ; ; ;ec4c3fdc74b6da770e10ea163d8d2f0a
9/2/2020 12:37:02;9/2/2020 12:39:09;0;100;126;1;9/2/2020 12:39:09;anonymous;EN-GB;1;62;1;1; ;4;1;9;8;8;2;2;5;5;5;5;6;4;4;4;4;4;4;4;4;4;4;4;4;4;4;4;4;e28b729fc5c11387b653030f67b3c38e
9/2/2020 11:39:13;9/2/2020 11:39:57;0;5;43;0;9/2/2020 12:39:15;anonymous;EN-GB; ; ; ; ; ; ; ; ; ; ; ; ; ; ; ; ; ; ; ; ; ; ; ; ; ; ; ; ; ; ; ; ; ;7aadfdd7c2716a6e55de78ba3b348f99
9/2/2020 12:36:45;9/2/2020 12:39:17;0;100;151;1;9/2/2020 12:39:17;anonymous;EN-GB;1;31;1;1; ;4;1;2;10;1;1;1;4;3;3;3;3;3;6;4;4;4;3;4;4;4;4;4;5;5;5;5;4;40aae105a92eefc0127cabda7f43a0f1
9/2/2020 12:33:43;9/2/2020 12:40:13;0;100;389;1;9/2/2020 12:40:13;anonymous;EN-GB;1;68;1;1; ;2;1;6;1;1;1;2;2;1;4;4;4;6;3;4;7;7;4;7;5;7;7;5;5;5;6;6;5;0ac6e47808d31b7dfc27f385567090cb
9/2/2020 12:39:29;9/2/2020 12:40:28;0;100;58;1;9/2/2020 12:40:28;anonymous;EN-GB;1;42;1;3;Australia/British duel national;3;2;6;8;7; ; ; ; ; ; ; ; ; ; ; ; ; ; ; ; ; ; ; ; ; ; ; ;51a016c8a180e2cef417d0963331d559
9/2/2020 12:38:58;9/2/2020 12:43:42;0;100;284;1;9/2/2020 12:43:43;anonymous;EN-GB;1;68;2;1; ;2;5;2;1;1;1;2;6;5;6;6;6;6;7;7;2;7;7;6;7;6;7;1;1;7;7;6;7;95e0976199c3d938154728b43ce54efb
9/2/2020 12:41:43;9/2/2020 12:45:21;0;100;218;1;9/2/2020 12:45:21;anonymous;EN-GB;1;35;1;1; ;4;1;8;8;3;3;2;5;4;4;4;4;4;3;3;5;5;4;7;5;7;5;4;2;4;2;4;2;f9aa6d7018b1f1a01e0d392d19ac61ca
9/2/2020 12:42:06;9/2/2020 12:46:43;0;100;277;1;9/2/2020 12:46:43;anonymous;EN-GB;1;41;1;1; ;2;1;8;8;8;2;2;2;2;4;4;4;4;4;4;4;4;4;4;4;4;4;4;4;4;4;4;4;0de4682624e9fcf99d34a1d7a726f7f0
9/2/2020 12:12:27;9/2/2020 12:18:57;0;84;390;0;9/2/2020 13:12:38;anonymous;EN-GB;1;75;1;1; ;2;1;2;0;1;1;2;3;3;1;1;1; ; ; ; ; ; ; ; ; ; ; ; ; ; ; ; ;28372a7d1febe1c4184130caa2edd18b
9/2/2020 12:13:08;9/2/2020 12:16:26;0;89;198;0;9/2/2020 13:13:12;anonymous;EN-GB;1;59;1;1; ;3;2;10;8;4;1;2;4;4;4;4;4;5;3;3;6;5;4;7;7;7;7;7;7;5;5;7;5;7541b4141b7e8495345441b1da463fbb
9/2/2020 13:12:33;9/2/2020 13:17:32;0;100;299;1;9/2/2020 13:17:32;anonymous;EN-GB;1;43;2;1; ;4;1;8;8;8;2;2;4;4;4;4;3;4;4;4;4;4;4;4;4;4;4;4;4;4;4;4;4;ec4c3fdc74b6da770e10ea163d8d2f0a
9/2/2020 13:16:28;9/2/2020 13:18:18;0;100;110;1;9/2/2020 13:18:18;anonymous;EN-GB;1;59;1;1; ;4;5;5;0;0;3;2;5;5;4;4;4;5;6;6;6;6;6;6;6;6;6;6;6;6;6;6;6;d1ff574084082ce4b2e88d7a7dfa11ce
9/2/2020 13:20:37;9/2/2020 13:26:25;0;100;347;1;9/2/2020 13:26:25;anonymous;EN-GB;1;55;1;1; ;4;1;9;8;8;3;2;4;3;3;3;3;6;4;2;7;7;3;7;6;7;7;2;1;4;6;2;2;575243865703f3464d5fe3780452629a
9/2/2020 13:36:08;9/2/2020 13:38:54;0;100;166;1;9/2/2020 13:38:54;anonymous;EN-GB;1;45;1;1; ;4;2;6;7;6;1;2;4;3;3;3;3;1;1;1;1;1;1;1;1;1;1;1;1;1;1;1;1;322c216bd57a6e8ad2610c712a0fe8ab
9/2/2020 12:41:07;9/2/2020 12:42:00;0;63;53;0;9/2/2020 13:41:15;anonymous;EN-GB;1;41;1;1; ;2;1;8;8;8; ; ; ; ; ; ; ; ; ; ; ; ; ; ; ; ; ; ; ; ; ; ; ;0de4682624e9fcf99d34a1d7a726f7f0
9/2/2020 12:42:06;9/2/2020 12:42:49;0;74;42;0;9/2/2020 13:42:25;anonymous;EN-GB;1;49;2;1; ;3;2;7;7;7;3;1; ; ; ; ; ; ; ; ; ; ; ; ; ; ; ; ; ; ; ; ; ;bc4866e4ca2baddbc091639e8c4f080c
9/2/2020 13:52:51;9/2/2020 13:53:34;0;100;43;1;9/2/2020 13:53:34;anonymous;EN-GB;1;39;1;3;French;3;3;10;10;10; ; ; ; ; ; ; ; ; ; ; ; ; ; ; ; ; ; ; ; ; ; ; ;6be209e4906ea84646e223a6ab312141
9/2/2020 14:11:54;9/2/2020 14:14:52;0;100;178;1;9/2/2020 14:14:52;anonymous;EN-GB;1;62;1;1; ;4;1;10;10;8;1;3;7;7;7;7;7;7;7;7;5;7;7;7;7;7;7;2;2;4;6;6;6;1854be4183d178fea0112198ee7871a5
9/2/2020 14:44:13;9/2/2020 14:52:35;0;100;502;1;9/2/2020 14:52:35;anonymous;EN-GB;1;68;2;1; ;2;1;1;1;1;1;2;4;6;5;5;5;3;5;4;6;6;4;6;6;6;6;4;2;6;6;6;6;632713daa8526dd76726814ebd6493d4
9/2/2020 14:52:40;9/2/2020 14:57:02;0;100;261;1;9/2/2020 14:57:02;anonymous;EN-GB;1;67;1;1; ;2;1;7;0;7;2;2;5;3;4;4;4;5;5;3;7;7;5;7;7;7;7;7;7;5;5;7;5;8b0867c466a70327c4d5319254891acf
9/2/2020 15:11:32;9/2/2020 15:14:43;0;100;190;1;9/2/2020 15:14:43;anonymous;EN-GB;1;32;1;1; ;4;2;8;7;7;2;2;3;4;3;3;3;7;1;1;7;7;1;7;5;7;4;7;7;1;1;7;1;7fae053af5ea4cc7f9394c7412ccd9fb
9/2/2020 15:25:47;9/2/2020 15:30:53;0;100;305;1;9/2/2020 15:30:53;anonymous;EN-GB;1;76;2;1; ;2;5;3;1;1;1;2;4;4;4;4;4;5;5;4;7;6;2;7;6;7;5;6;5;5;5;5;6;3c01a0689f34fa47e6136374f1869214
9/2/2020 15:31:05;9/2/2020 15:34:25;0;100;199;1;9/2/2020 15:34:25;anonymous;EN-GB;1;76;2;1; ;2;2;8;0;7;3;2;4;4;4;4;4;4;4;4;4;4;4;4;4;4;4;4;4;4;4;4;4;e9b592b13ef034e8db1d5fd2a1a1b916
9/2/2020 15:32:21;9/2/2020 15:37:47;0;100;325;1;9/2/2020 15:37:47;anonymous;EN-GB;1;49;1;1; ;4;1;8;9;2;2;2;4;4;4;4;4;3;2;3;7;7;2;7;6;7;6;1;1;3;7;1;3;476583bd51271a7655bc8423c450e253
9/2/2020 15:30:32;9/2/2020 15:40:28;0;100;596;1;9/2/2020 15:40:29;anonymous;EN-GB;1;37;1;1; ;2;5;0;5;0;1;2;4;4;4;4;4;1;3;5;7;7;3;7;7;7;7;3;1;6;1;5;7;4ac322f693f5e6c57c3f248e2f720ea8
9/2/2020 14:51:38;9/2/2020 14:52:45;0;63;66;0;9/2/2020 15:51:45;anonymous;EN-GB;1;68;2;1; ;2;1;7;0;5; ; ; ; ; ; ; ; ; ; ; ; ; ; ; ; ; ; ; ; ; ; ; ;4b744f97d015dccbe62ad54309ef2600
9/2/2020 15:04:27;9/2/2020 15:07:57;0;11;209;0;9/2/2020 16:05:21;anonymous;EN-GB;1; ; ; ; ; ; ; ; ; ; ; ; ; ; ; ; ; ; ; ; ; ; ; ; ; ; ; ; ; ; ; ; ;0e6e95ac5d00a493377d94dd560a47fb
9/2/2020 16:08:43;9/2/2020 16:12:17;0;100;213;1;9/2/2020 16:12:17;anonymous;EN-GB;1;49;2;1; ;4;1;3;5;2;1;2;6;7;5;6;6;4;4;4;4;5;6;5;6;5;4;4;4;5;3;5;4;e5b010b2c141e17b055aef7256aa9737
9/2/2020 16:20:29;9/2/2020 16:23:02;0;100;153;1;9/2/2020 16:23:03;anonymous;EN-GB;1;69;1;1; ;2;5;4;0;1;1;2;5;5;4;4;4;5;7;5;5;5;2;5;7;6;5;2;2;2;5;5;5;c06ded9d36aed95d2b2404f5fd66eda1
9/2/2020 16:44:45;9/2/2020 16:46:06;0;100;81;1;9/2/2020 16:46:07;anonymous;EN-GB;1;72;2;3;european;3;2;8;4;5; ; ; ; ; ; ; ; ; ; ; ; ; ; ; ; ; ; ; ; ; ; ; ;e61ee231e7841dcd25d56fa90eaea5f8
9/2/2020 17:06:22;9/2/2020 17:12:23;0;100;361;1;9/2/2020 17:12:24;anonymous;EN-GB;1;73;2;1; ;4;4;10;10;5;2;2;4;1;4;4;4;5;5;5;7;6;6;7;5;6;5;7;7;6;6;7;6;4684c6ff4a74c7c49496878d24691fa8
9/2/2020 18:05:52;9/2/2020 18:08:20;0;100;147;1;9/2/2020 18:08:20;anonymous;EN-GB;1;48;2;1; ;2;1;1;1;1;1;1;2;2;2;2;2;2;2;2;2;2;2;2;2;2;2;2;2;2;2;2;2;b092faf7fbb34306120be27fd65e33a6
9/2/2020 18:21:02;9/2/2020 18:25:56;0;100;294;1;9/2/2020 18:25:56;anonymous;EN-GB;1;58;1;1; ;2;1;8;0;5;2;2;4;1;2;5;5;7;4;5;7;7;3;7;5;7;7;5;4;4;4;7;5;9a005e4e4e59b52878876ba31fb278a4
9/2/2020 17:34:36;9/2/2020 17:35:57;0;11;80;0;9/2/2020 18:34:37;anonymous;EN-GB;1; ; ; ; ; ; ; ; ; ; ; ; ; ; ; ; ; ; ; ; ; ; ; ; ; ; ; ; ; ; ; ; ;82dd7c1cd6bfe22818aa49d6d302868a
9/2/2020 20:03:05;9/2/2020 20:04:06;0;100;60;1;9/2/2020 20:04:06;anonymous;EN-GB;1;18;2;3;Ukrainian;1;5;8;8;6; ; ; ; ; ; ; ; ; ; ; ; ; ; ; ; ; ; ; ; ; ; ; ;c46b02424b2402c3840f0fb12b760d61
9/2/2020 21:00:51;9/2/2020 21:04:58;0;100;247;1;9/2/2020 21:04:59;anonymous;EN-GB;1;36;1;1; ;4;4;1;3;4;1;2;4;5;5;7;1;7;4;4;7;1;4;7;7;7;7;1;4;7;2;6;1;1b51c64f55793a20a6175eb7a4ffa1d5
9/2/2020 20:59:53;9/2/2020 21:16:03;0;100;969;1;9/2/2020 21:16:03;anonymous;EN-GB;1;31;2;1; ;3;2;7;5;9;1;2;5;7;6;4;5;7;5;7;3;5;5;6;7;6;4;5;7;6;6;2;7;f3f4aec5814beb4dd7226740feddce15
9/2/2020 21:06:10;9/2/2020 21:17:05;0;100;654;1;9/2/2020 21:17:05;anonymous;EN-GB;1;32;2;1; ;3;1;8;9;7;2;2;4;4;4;4;4;5;4;3;5;5;3;5;4;5;4;4;4;3;4;4;3;283158f0a18e52fd96543eb72a7a4a8e
9/2/2020 20:58:21;9/2/2020 21:00:42;0;63;140;0;9/2/2020 21:58:45;anonymous;EN-GB;1;16;1;1; ;4;4;1;3;4; ; ; ; ; ; ; ; ; ; ; ; ; ; ; ; ; ; ; ; ; ; ; ;1b51c64f55793a20a6175eb7a4ffa1d5
9/2/2020 22:39:05;9/2/2020 22:42:29;0;100;204;1;9/2/2020 22:42:29;anonymous;EN-GB;1;40;1;1; ;4;2;7;6;8;1;2;5;6;5;6;4;4;5;6;5;6;6;6;5;6;5;5;5;5;6;6;5;cb5dbfc825e5d0ec68cf77ee161586a7
9/2/2020 23:13:20;9/2/2020 23:16:29;0;100;189;1;9/2/2020 23:16:29;anonymous;EN-GB;1;39;1;1; ;2;1;8;0;7;3;2;4;4;4;4;4;4;5;4;5;4;4;5;6;5;6;5;5;4;5;5;4;8497aaabfbea249da70a48166b730eb3
9/2/2020 23:22:12;9/2/2020 23:27:32;0;100;320;1;9/2/2020 23:27:32;anonymous;EN-GB;1;68;2;1; ;4;5;9;1;1;2;2;2;2;3;2;2;5;5;5;6;6;6;6;5;6;7;7;7;5;5;5;4;7a445b3826d07c6fa3c52fda03b69cd1
9/2/2020 23:42:29;9/2/2020 23:48:21;0;100;352;1;9/2/2020 23:48:22;anonymous;EN-GB;1;56;2;1; ;2;1;5;0;5;1;2;4;4;4;4;4;7;7;7;1;7;7;7;7;7;7;4;4;7;7;4;7;00a5acd7d236fb826a17657e3f5a3f5c
9/3/2020 0:18:15;9/3/2020 0:21:56;0;100;221;1;9/3/2020 0:21:56;anonymous;EN-GB;1;71;1;1; ;2;5;9;1;7;2;2;5;5;4;6;5;5;5;3;5;3;5;5;6;5;6;5;5;5;3;6;4;f3539497db737b88f927dd8fcf4adade
9/3/2020 1:01:43;9/3/2020 1:05:07;0;100;204;1;9/3/2020 1:05:08;anonymous;EN-GB;1;51;1;1; ;4;1;8;5;5;1;2;2;1;1;1;1;4;2;2;5;5;2;3;5;3;5;5;3;5;4;5;3;654421ffe668c04558323b34729ab557
9/3/2020 0:54:14;9/3/2020 1:20:05;0;100;1551;1;9/3/2020 1:20:05;anonymous;EN-GB;1;28;1;1; ;1;2;1;0;0;3;2;3;2;3;3;3;2;1;1;7;4;1;7;1;6;1;7;7;1;1;7;2;c08957973a50190284aa72d5a5f30483
9/3/2020 1:50:47;9/3/2020 1:54:19;0;100;212;1;9/3/2020 1:54:20;anonymous;EN-GB;1;65;1;1; ;4;1;7;1;1;1;2;6;6;6;6;6;7;7;7;7;7;7;7;7;7;7;1;1;7;4;4;4;17e1838c758deb4d12a01172c3b4e579
9/3/2020 0:58:16;9/3/2020 0:59:55;0;74;98;0;9/3/2020 1:58:33;anonymous;EN-GB;1;51;1;1; ;4;1;8;5;5;1;2; ; ; ; ; ; ; ; ; ; ; ; ; ; ; ; ; ; ; ; ; ;654421ffe668c04558323b34729ab557
9/3/2020 2:27:00;9/3/2020 2:32:20;0;100;320;1;9/3/2020 2:32:21;anonymous;EN-GB;1;52;1;1; ;4;1;2;3;2;2;2;3;2;2;1;1;4;3;6;7;7;4;7;5;7;5;5;4;3;2;5;3;60a1ff33f8539aafa336a7b3d74021c7
9/3/2020 3:14:31;9/3/2020 3:15:18;0;100;47;1;9/3/2020 3:15:19;anonymous;EN-GB;1;44;1;3;sdfsdf;1;3;3;3;3; ; ; ; ; ; ; ; ; ; ; ; ; ; ; ; ; ; ; ; ; ; ; ;674d9a51241568f640e2486585351cc8
9/3/2020 3:26:21;9/3/2020 3:31:33;0;100;312;1;9/3/2020 3:31:34;anonymous;EN-GB;1;63;2;1; ;3;3;8;6;4;2;2;4;3;3;2;2;5;3;4;5;4;4;5;6;5;5;6;6;4;5;5;5;5b047f0380410c53ef5e7757398f7ff2
9/3/2020 3:33:24;9/3/2020 3:34:15;0;100;51;1;9/3/2020 3:34:15;anonymous;EN-GB;1;36;1;3;Italian;4;5;8;6;6; ; ; ; ; ; ; ; ; ; ; ; ; ; ; ; ; ; ; ; ; ; ; ;82ebae5eaa37beb8754be161f6b833ae
9/3/2020 3:32:23;9/3/2020 3:35:16;0;100;173;1;9/3/2020 3:35:17;anonymous;EN-GB;1;64;1;1; ;2;2;7;0;0;2;2;4;3;1;1;1;5;1;1;7;5;1;5;7;6;6;1;1;1;1;5;1;52738de78edeb4817ba5d6dcd92fe18c
9/3/2020 3:37:36;9/3/2020 3:38:36;0;100;60;1;9/3/2020 3:38:36;anonymous;EN-GB;1;24;1;1; ;2;1;5;4;4;2;2;4;4;4;4;5;4;4;4;4;5;4;4;4;4;4;4;4;4;4;4;4;9414ae0dcc9c7767e6212f4a7ecf26fc
9/3/2020 3:34:25;9/3/2020 3:38:42;0;100;257;1;9/3/2020 3:38:42;anonymous;EN-GB;1;18;1;1; ;1;2;8;2;7;1;2;6;4;5;5;5;6;5;5;6;4;5;5;3;5;3;7;6;4;5;5;4;5f33c4e951a8c20477f4ce6f952cfb3c
9/3/2020 3:36:58;9/3/2020 3:39:56;0;100;177;1;9/3/2020 3:39:57;anonymous;EN-GB;1;55;1;1; ;3;1;10;10;9;1;2;6;6;5;5;5;6;6;6;6;6;5;6;7;6;6;2;3;6;6;6;6;f28c0f0f046afd4cb48cb33b2edb800c
9/3/2020 3:38:01;9/3/2020 3:40:47;0;100;165;1;9/3/2020 3:40:47;anonymous;EN-GB;1;32;2;1; ;3;4;4;7;6;1;2;5;5;4;4;4;5;5;4;5;6;4;6;4;7;5;4;4;3;3;4;4;39d0ee71f376a4a4a51e9c4e734b9dec
9/3/2020 3:39:21;9/3/2020 3:41:12;0;100;111;1;9/3/2020 3:41:13;anonymous;EN-GB;1;45;1;1; ;2;2;8;9;9;2;2;4;4;4;4;4;4;4;3;4;5;5;4;4;5;5;4;4;5;5;4;4;3f3b28ded48dc3c8a836b6f1203a2490
9/3/2020 3:37:03;9/3/2020 3:41:24;0;100;261;1;9/3/2020 3:41:24;anonymous;EN-GB;1;54;1;1; ;4;1;5;1;0;2;2;3;2;2;2;2;7;4;5;7;7;4;7;5;7;5;3;2;4;2;4;2;fa98b5bff2e71a384de8b8ef86dbe6bf
9/3/2020 3:35:14;9/3/2020 3:41:26;0;100;371;1;9/3/2020 3:41:26;anonymous;EN-GB;1;27;1;1; ;4;2;7;6;10;3;2;4;1;4;4;4;7;5;2;7;7;2;7;6;7;6;7;6;3;3;7;3;ba6c1c861e2f8c31095cece47355ba52
9/3/2020 3:37:57;9/3/2020 3:41:51;0;100;234;1;9/3/2020 3:41:51;anonymous;EN-GB;1;69;1;1; ;2;2;7;0;0;1;2;2;2;2;2;2;4;4;5;6;5;6;6;3;7;3;5;5;5;6;6;7;12d6a4d2a1c065a99d1c9b13e32c406a
9/3/2020 3:37:34;9/3/2020 3:42:02;0;100;268;1;9/3/2020 3:42:02;anonymous;EN-GB;1;58;2;1; ;2;1;6;0;10;1;2;5;5;5;5;5;3;6;6;4;5;6;4;7;5;7;2;2;6;7;4;6;508f7bc8fea85cdb26a4358612a3fc2a
9/3/2020 3:39:34;9/3/2020 3:42:32;0;100;177;1;9/3/2020 3:42:32;anonymous;EN-GB;1;59;1;1; ;2;1;7;0;4;2;2;3;2;3;1;1;6;4;3;6;5;2;5;6;6;3;7;4;5;5;4;5;2ce3289325a6805462206cec21491735
9/3/2020 3:37:51;9/3/2020 3:45:11;0;100;439;1;9/3/2020 3:45:11;anonymous;EN-GB;1;59;2;1; ;2;1;10;0;0;2;2;4;1;1;1;1;4;4;2;7;4;3;7;4;7;4;7;7;3;4;7;4;a070b76c60de537a6cfc8dd9ed9c2c86
9/3/2020 3:43:55;9/3/2020 3:45:41;0;100;105;1;9/3/2020 3:45:41;anonymous;EN-GB;1;53;2;3;IRISH;3;2;9;9;9; ; ; ; ; ; ; ; ; ; ; ; ; ; ; ; ; ; ; ; ; ; ; ;b0817b97f9dcad31e229051f8269f50e
9/3/2020 3:42:15;9/3/2020 3:47:01;0;100;286;1;9/3/2020 3:47:01;anonymous;EN-GB;1;65;1;1; ;2;3;9;0;10;1;2;4;4;4;4;4;4;5;6;4;6;5;6;7;5;7;2;2;6;7;4;6;011dedc5436cb8f85d421fe23f1c0469
9/3/2020 3:46:49;9/3/2020 3:47:37;0;100;47;1;9/3/2020 3:47:38;anonymous;EN-GB;1;39;1;3;Romanian;4;3;8;1;3; ; ; ; ; ; ; ; ; ; ; ; ; ; ; ; ; ; ; ; ; ; ; ;06ed3e12630d2c061784c6e1c7c4484b
9/3/2020 3:43:36;9/3/2020 3:47:55;0;100;259;1;9/3/2020 3:47:55;anonymous;EN-GB;1;71;2;1; ;2;1;8;0;0;1;2;5;5;5;5;5;4;5;4;5;5;4;5;6;5;6;4;4;4;5;5;4;54c99e1f8d5701a47d3a17f8f7eef9ba
9/3/2020 3:47:59;9/3/2020 3:50:15;0;100;135;1;9/3/2020 3:50:16;anonymous;EN-GB;1;38;2;1; ;2;2;8;9;7;1;2;4;4;4;4;4;6;6;6;6;6;4;6;7;7;4;1;6;3;1;1;1;9a85335b9ee9e11071fdb3ef36420118
9/3/2020 3:49:16;9/3/2020 3:51:16;0;100;120;1;9/3/2020 3:51:16;anonymous;EN-GB;1;35;2;1; ;4;2;10;10;10;1;2;5;4;4;5;5;4;4;4;5;5;5;4;3;3;3;5;4;4;4;4;5;34dfc2b6a46277bc262366b3550feedd
9/3/2020 3:46:25;9/3/2020 3:51:30;0;100;304;1;9/3/2020 3:51:30;anonymous;EN-GB;1;67;2;1; ;2;2;3;0;2;2;2;4;3;4;4;4;2;1;1;4;4;1;5;4;5;4;4;4;1;2;5;1;49eff60a1d10d3caf2db43b948dfa245
9/3/2020 3:50:40;9/3/2020 3:52:23;0;100;103;1;9/3/2020 3:52:23;anonymous;EN-GB;1;34;1;3;Indian;4;3;9;10;9; ; ; ; ; ; ; ; ; ; ; ; ; ; ; ; ; ; ; ; ; ; ; ;213494beda9befbb47df1621c631afc2
9/3/2020 3:43:09;9/3/2020 3:52:58;0;100;588;1;9/3/2020 3:52:58;anonymous;EN-GB;1;46;1;1; ;2;1;9;0;5;2;2;4;4;4;4;4;4;5;6;7;7;6;7;7;7;7;3;3;6;4;5;6;9e77c428b90f08ea511dab614fbe310e
9/3/2020 3:38:57;9/3/2020 3:53:38;0;100;880;1;9/3/2020 3:53:38;anonymous;EN-GB;1;35;1;1; ;4;1;8;9;9;1;2;3;3;3;3;3;3;2;3;7;6;3;7;5;7;3;5;3;4;2;4;2;848da9651a57e3648429e2c8805865f6
9/3/2020 3:46:22;9/3/2020 3:54:41;0;100;499;1;9/3/2020 3:54:42;anonymous;EN-GB;1;35;1;1; ;4;1;4;6;7;3;2;3;5;3;4;3;3;3;2;4;5;5;5;3;5;3;3;4;4;5;5;5;0b4c23cb9c46fc66f44290500fa859ed
9/3/2020 3:54:18;9/3/2020 3:57:46;0;100;207;1;9/3/2020 3:57:46;anonymous;EN-GB;1;53;2;1; ;4;2;8;9;6;2;2;3;3;3;3;3;1;1;1;1;1;1;1;1;1;1;1;1;1;1;1;1;333d685c36a822b5fbb0f971a73bc2cd
9/3/2020 3:54:49;9/3/2020 3:58:47;0;100;238;1;9/3/2020 3:58:47;anonymous;EN-GB;1;68;2;1; ;2;1;8;0;0;1;2;5;5;5;4;4;6;7;7;4;7;7;7;7;4;7;4;7;7;7;5;7;bf8181e99237e8ed505182f7de8d45ed
9/3/2020 3:55:53;9/3/2020 3:58:58;0;100;185;1;9/3/2020 3:58:59;anonymous;EN-GB;1;38;1;1; ;3;2;9;9;7;1;3;6;6;7;7;7;7;7;7;5;2;7;5;7;3;7;2;4;7;7;3;7;120d5b5e1ad58e4ec44953a0e861c6bc
9/3/2020 3:56:52;9/3/2020 3:59:20;0;100;147;1;9/3/2020 3:59:20;anonymous;EN-GB;1;51;1;1; ;4;1;7;6;7;1;2;4;4;2;2;2;6;7;5;5;6;6;6;5;7;6;6;6;5;6;6;6;a7e275539066bbdb0069cf5f59ec6639
9/3/2020 3:57:13;9/3/2020 4:00:45;0;100;212;1;9/3/2020 4:00:45;anonymous;EN-GB;1;46;2;1; ;3;1;7;8;8;2;2;4;3;2;2;3;2;2;2;2;3;2;3;2;3;2;2;2;3;3;2;2;f65eddbc50d5ab3930b4774a0bbaa0f3
9/3/2020 3:58:23;9/3/2020 4:02:32;0;100;248;1;9/3/2020 4:02:33;anonymous;EN-GB;1;52;2;1; ;4;1;7;5;4;1;2;6;6;6;6;6;7;7;6;7;7;6;6;7;6;7;6;6;7;7;7;7;299df0088d3ea4ac951f95add54bdbff
9/3/2020 4:00:12;9/3/2020 4:02:55;0;100;163;1;9/3/2020 4:02:55;anonymous;EN-GB;1;51;1;1; ;3;1;8;9;9;1;2;4;4;4;4;4;3;2;2;6;6;3;6;4;6;5;6;6;2;2;5;2;92d4e8da658ddeda6e2f0ba62d16c3a9
9/3/2020 3:59:30;9/3/2020 4:02:55;0;100;204;1;9/3/2020 4:02:55;anonymous;EN-GB;1;39;2;1; ;4;1;4;7;3;3;2;5;5;5;5;6;7;7;7;3;4;5;5;6;5;4;4;4;4;4;4;4;d07307dd717e008df2ab88596ed14e7e
9/3/2020 4:00:53;9/3/2020 4:06:39;0;100;345;1;9/3/2020 4:06:40;anonymous;EN-GB;1;61;2;1; ;3;2;3;0;0;2;2;3;3;2;2;3;2;3;2;7;7;2;7;5;7;4;4;3;3;6;4;5;04555bb4329089837337ae610bf3ba04
9/3/2020 4:07:08;9/3/2020 4:12:56;0;100;347;1;9/3/2020 4:12:56;anonymous;EN-GB;1;49;2;1; ;3;1;6;7;6;1;2;5;5;3;4;4;4;3;5;7;7;5;7;6;7;7;4;6;3;5;5;5;99d2643f7ec02fa868da26460e747259
9/3/2020 4:11:14;9/3/2020 4:14:11;0;100;176;1;9/3/2020 4:14:11;anonymous;EN-GB;1;47;1;1; ;4;1;7;3;0;2;2;3;2;3;3;3;3;4;4;2;3;3;6;3;3;3;5;4;3;3;5;5;147fedda551a4913645c3f2d43b7b963
9/3/2020 4:11:44;9/3/2020 4:16:01;0;100;257;1;9/3/2020 4:16:02;anonymous;EN-GB;1;65;1;1; ;2;1;10;0;6;1;2;4;4;4;4;4;4;4;1;7;7;1;7;7;7;7;3;4;3;3;4;2;0446548de8b2d4ba34314cd28e3deacf
9/3/2020 4:11:30;9/3/2020 4:16:27;0;100;297;1;9/3/2020 4:16:27;anonymous;EN-GB;1;62;1;1; ;2;2;6;0;2;2;2;4;4;4;4;4;4;4;4;4;4;4;4;4;4;4;5;5;4;4;4;4;ddce1aea3dc5ce0b39dc0da0bcb45b3b
9/3/2020 4:12:06;9/3/2020 4:17:07;0;100;300;1;9/3/2020 4:17:07;anonymous;EN-GB;1;82;2;1; ;2;2;7;10;8;2;1;6;3;2;2;2;5;6;3;4;4;3;6;7;4;6;2;2;5;5;2;6;454647ba34f90b3d23ba4dfc5158e984
9/3/2020 4:21:06;9/3/2020 4:23:42;0;100;155;1;9/3/2020 4:23:42;anonymous;EN-GB;1;46;2;1; ;2;1;6;0;0;1;2;4;4;4;4;4;7;4;4;4;7;4;7;7;7;4;4;4;4;4;7;4;8637e0250a2c104438b4d7fd868786e4
9/3/2020 3:56:41;9/3/2020 4:24:09;0;100;1648;1;9/3/2020 4:24:09;anonymous;EN-GB;1;56;2;1; ;4;2;8;5;5;1;2;4;4;3;3;3;4;2;2;5;2;2;6;2;5;5;2;4;3;2;2;2;ed40f58fe38896939e8e5484fde69c42
9/3/2020 4:24:29;9/3/2020 4:26:24;0;100;115;1;9/3/2020 4:26:24;anonymous;EN-GB;1;42;2;1; ;4;2;5;5;5;2;2;4;4;4;4;4;3;4;4;4;5;4;4;3;5;4;4;4;4;4;5;4;68583d03775ea765a834ea0da1643cfd
9/3/2020 4:25:05;9/3/2020 4:27:41;0;100;155;1;9/3/2020 4:27:41;anonymous;EN-GB;1;49;2;1; ;4;1;6;6;8;2;2;4;4;4;4;4;5;7;5;3;5;7;5;7;7;7;6;2;7;2;6;3;5676243bc379eb8f28ae2f15b824d2d3
9/3/2020 4:31:38;9/3/2020 4:35:05;0;100;206;1;9/3/2020 4:35:05;anonymous;EN-GB;1;55;2;1; ;2;1;10;8;9;3;2;6;6;6;6;7;6;4;6;6;6;6;6;7;7;7;3;6;6;1;6;1;8f0a5880a681e5392e7b9ca292eea6b6
9/3/2020 3:35:15;9/3/2020 3:35:58;0;63;43;0;9/3/2020 4:35:15;anonymous;EN-GB;1;59;2;1; ;2;1;5;0;5; ; ; ; ; ; ; ; ; ; ; ; ; ; ; ; ; ; ; ; ; ; ; ;33857bba6f00d4defa1da838655d1125
9/3/2020 4:32:39;9/3/2020 4:35:26;0;100;166;1;9/3/2020 4:35:26;anonymous;EN-GB;1;63;2;1; ;4;5;8;0;0;2;2;4;4;5;5;5;6;4;3;7;5;3;5;5;7;6;3;3;4;3;5;5;92f3942068619af9937c682fa8ad7ba8
9/3/2020 4:32:53;9/3/2020 4:35:52;0;100;178;1;9/3/2020 4:35:53;anonymous;EN-GB;1;36;2;1; ;3;2;7;7;5;3;2;3;5;4;4;5;3;5;6;5;7;5;7;6;7;7;4;3;5;6;7;4;e0240a901bc5469d723f28d40b438579
9/3/2020 3:37:46;9/3/2020 3:38:06;0;11;19;0;9/3/2020 4:38:04;anonymous;EN-GB;1; ; ; ; ; ; ; ; ; ; ; ; ; ; ; ; ; ; ; ; ; ; ; ; ; ; ; ; ; ; ; ; ;0dcc5d5f9a837f8a2d903b1a628e635b
9/3/2020 4:38:39;9/3/2020 4:41:36;0;100;177;1;9/3/2020 4:41:36;anonymous;EN-GB;1;44;1;1; ;2;1;7;0;7;1;2;5;5;5;6;6;7;7;7;7;7;6;7;7;5;7;7;5;6;5;7;5;cb953c1008e55bdb4b90109c74bf7963
9/3/2020 4:39:47;9/3/2020 4:45:17;0;100;329;1;9/3/2020 4:45:17;anonymous;EN-GB;1;57;1;1; ;3;2;7;8;8;1;2;4;4;3;3;3;5;4;4;6;6;3;6;5;6;5;5;4;4;4;5;4;d2e3f93bb22407a4235ba9e70faa9222
9/3/2020 4:05:54;9/3/2020 4:47:30;0;100;2496;1;9/3/2020 4:47:31;anonymous;EN-GB;1;76;1;1; ;2;1;7;0;0;3;2;4;4;5;5;5;5;4;4;5;3;5;5;5;4;4;5;4;5;5;5;4;665d69a4c5f863f16cee9b47397c24fc
9/3/2020 4:48:16;9/3/2020 4:50:01;0;100;105;1;9/3/2020 4:50:02;anonymous;EN-GB;1;64;2;1; ;2;2;7;0;0;1;2;4;4;4;4;4;4;4;4;4;4;4;4;4;4;4;4;4;4;4;4;4;af5a3b892cdc6aef3f2b01f050c79d88
9/3/2020 4:50:34;9/3/2020 4:52:12;0;100;98;1;9/3/2020 4:52:12;anonymous;EN-GB;1;54;1;1; ;3;3;5;7;4;1;2;4;4;4;4;4;4;4;4;4;4;4;4;4;4;4;4;4;4;4;4;4;1d4587ac72ca6ed92ad642066a91bd64
9/3/2020 3:55:58;9/3/2020 3:56:44;0;63;46;0;9/3/2020 4:55:59;anonymous;EN-GB;1;51;1;1; ;4;1;5;7;6; ; ; ; ; ; ; ; ; ; ; ; ; ; ; ; ; ; ; ; ; ; ; ;a7e275539066bbdb0069cf5f59ec6639
9/3/2020 4:54:03;9/3/2020 5:00:53;0;100;409;1;9/3/2020 5:00:53;anonymous;EN-GB;1;55;2;1; ;3;3;9;10;8;1;2;4;4;3;3;3;2;3;3;5;5;3;6;3;6;3;4;2;5;5;5;5;f5dc0daf854ce2937e679a87d9e5f390
9/3/2020 4:57:09;9/3/2020 5:02:34;0;100;324;1;9/3/2020 5:02:34;anonymous;EN-GB;1;48;1;1; ;4;4;3;1;4;2;2;2;1;1;1;1;1;1;1;5;5;1;7;2;6;3;7;6;1;1;7;1;58932aae8aa5730b6b4727020c31d982
9/3/2020 4:58:35;9/3/2020 5:03:05;0;100;270;1;9/3/2020 5:03:06;anonymous;EN-GB;1;61;1;1; ;2;1;2;0;0;1;2;5;5;6;6;6;3;4;2;6;6;2;5;4;5;6;6;5;2;1;5;1;032da3f4d745c2515544e50964b17059
9/3/2020 5:00:55;9/3/2020 5:05:42;0;100;287;1;9/3/2020 5:05:42;anonymous;EN-GB;1;42;2;1; ;2;1;6;1;6;1;2;4;4;4;4;4;4;4;4;4;4;4;4;4;4;4;4;4;4;4;4;4;76a9bc133876c6eb4dd7a417b922dc15
9/3/2020 5:02:16;9/3/2020 5:06:01;0;100;224;1;9/3/2020 5:06:01;anonymous;EN-GB;1;37;1;1; ;4;2;9;3;5;3;2;4;4;4;4;4;4;4;4;4;4;4;4;4;4;4;4;4;4;4;4;4;f9cb47f74d02aef9ccb5d24eb29b3515
9/3/2020 5:04:49;9/3/2020 5:06:48;0;100;119;1;9/3/2020 5:06:48;anonymous;EN-GB;1;26;1;1; ;4;1;4;3;2;1;2;4;3;4;4;4;5;4;3;6;6;1;6;5;7;3;7;6;2;1;7;2;9c847bbeaf0371786d346501db8454a8
9/3/2020 5:05:55;9/3/2020 5:13:32;0;100;457;1;9/3/2020 5:13:32;anonymous;EN-GB;1;46;1;1; ;2;1;8;10;10;1;2;3;4;1;1;1;4;5;5;7;5;4;7;6;7;5;7;5;4;3;7;4;11aeb77673a9561ca06eb4904e01b5e2
9/3/2020 5:09:19;9/3/2020 5:13:37;0;100;257;1;9/3/2020 5:13:37;anonymous;EN-GB;1;51;2;1; ;2;1;8;0;0;2;2;7;7;7;7;7;7;7;7;5;5;7;5;6;5;6;2;1;7;7;5;6;b22c8656dc414e4a330b15cf68c80272
9/3/2020 4:15:40;9/3/2020 4:19:57;0;89;256;0;9/3/2020 5:15:41;anonymous;EN-GB;1;50;1;1; ;3;3;10;9;4;2;2;4;4;4;4;4;5;6;4;5;5;4;5;5;5;5;4;3;3;5;4;4;cb935a0db8ebf05d4de4d3504b277ac4
9/3/2020 5:13:36;9/3/2020 5:17:40;0;100;243;1;9/3/2020 5:17:40;anonymous;EN-GB;1;37;1;1; ;4;1;7;10;5;1;2;2;5;3;5;5;4;5;5;3;5;6;4;5;4;7;2;1;6;6;5;6;01324409eb1f489dc160e6d08255ccaf
9/3/2020 5:16:31;9/3/2020 5:19:15;0;100;164;1;9/3/2020 5:19:15;anonymous;EN-GB;1;32;1;1; ;4;2;7;1;4;3;2;4;4;1;1;1;7;5;5;5;7;5;7;7;3;6;6;6;6;4;5;6;a96e38e4be75861aaf2721ee010c2f03
9/3/2020 5:18:28;9/3/2020 5:21:32;0;100;184;1;9/3/2020 5:21:32;anonymous;EN-GB;1;37;1;1; ;3;2;5;10;7;1;2;5;3;5;5;5;2;1;1;7;7;1;7;2;7;2;6;7;1;1;7;1;08edef4f6d3e0bfc0b54ecb23ee84824
9/3/2020 4:24:19;9/3/2020 4:25:23;0;63;63;0;9/3/2020 5:24:39;anonymous;EN-GB;1;33;1;1; ;4;1;8;8;8; ; ; ; ; ; ; ; ; ; ; ; ; ; ; ; ; ; ; ; ; ; ; ;d59e79169d759535f9a536fa2cdc387c
9/3/2020 4:27:06;9/3/2020 5:25:32;0;100;3506;1;9/3/2020 5:25:33;anonymous;EN-GB;1;71;1;1; ;2;1;6;0;3;3;2;6;1;6;6;6;3;6;4;5;5;4;3;6;4;6;2;2;6;6;3;6;00bfd0a16b7f1e61c1bcddf7090f81cc
9/3/2020 5:27:25;9/3/2020 5:31:47;0;100;262;1;9/3/2020 5:31:47;anonymous;EN-GB;1;53;2;1; ;4;1;7;8;6;3;2;4;4;3;3;3;6;5;4;6;5;5;6;5;6;6;5;6;4;5;6;5;9c5a84567f2129a8a36d44cba5d7f93a
9/3/2020 5:33:05;9/3/2020 5:36:06;0;100;180;1;9/3/2020 5:36:06;anonymous;EN-GB;1;49;2;1; ;2;1;5;3;0;1;3;6;6;5;6;6;7;7;6;7;7;7;7;7;7;7;3;5;7;7;5;6;2131b0f326300afd351a20475c2e96ba
9/3/2020 5:35:53;9/3/2020 5:39:51;0;100;238;1;9/3/2020 5:39:52;anonymous;EN-GB;1;52;1;1; ;3;2;7;7;9;2;2;4;3;5;6;5;6;3;4;7;5;3;7;5;7;4;4;4;5;5;5;4;dd6827a870a52f166515d04a8c5881ed
9/3/2020 5:40:08;9/3/2020 5:46:23;0;100;374;1;9/3/2020 5:46:23;anonymous;EN-GB;1;67;1;1; ;3;1;8;9;8;1;2;4;4;3;3;3;6;3;3;6;5;3;5;3;5;3;6;6;3;2;6;2;4e2528a624dd6396d9c6a40d1c7de209
9/3/2020 4:48:55;9/3/2020 4:53:46;0;89;290;0;9/3/2020 5:49:15;anonymous;EN-GB;1;77;1;1; ;2;1;7;1;1;2;2;4;1;4;4;4;6;4;2;5;5;4;5;5;5;4;6;6;4;2;6;4;65439fbbdf085079c794d66ac9cd0e90
9/3/2020 5:50:36;9/3/2020 5:54:43;0;100;247;1;9/3/2020 5:54:44;anonymous;EN-GB;1;71;2;1; ;2;1;8;0;0;1;2;4;4;4;4;4;5;6;6;6;3;6;6;6;6;6;4;3;6;6;4;6;b3644c5bf646a5a128536a2f0a49e7fe
9/3/2020 5:53:49;9/3/2020 5:55:17;0;100;88;1;9/3/2020 5:55:17;anonymous;EN-GB;1;24;2;3;South Africa;2;1;7;10;8; ; ; ; ; ; ; ; ; ; ; ; ; ; ; ; ; ; ; ; ; ; ; ;c3c58ed5ea93679bbbbdc7a51de7ef23
9/3/2020 5:00:52;9/3/2020 5:01:04;0;11;11;0;9/3/2020 6:00:52;anonymous;EN-GB;1; ; ; ; ; ; ; ; ; ; ; ; ; ; ; ; ; ; ; ; ; ; ; ; ; ; ; ; ; ; ; ; ;2b904a2c76bde788ec3bb6d6e9350de4
9/3/2020 6:00:05;9/3/2020 6:03:43;0;100;218;1;9/3/2020 6:03:43;anonymous;EN-GB;1;59;1;1; ;4;1;3;3;3;2;2;3;2;2;2;2;5;6;3;6;6;3;6;6;6;5;5;5;3;5;6;5;3d4f03156c2b6a7869290567d18034a5
9/3/2020 6:03:29;9/3/2020 6:07:19;0;100;230;1;9/3/2020 6:07:19;anonymous;EN-GB;1;53;1;1; ;2;3;8;1;1;1;2;4;4;4;4;4;4;1;1;7;7;1;7;4;7;4;7;7;1;1;7;1;679f9fafaf6a329950a07ced19c2d8e6
9/3/2020 5:08:01;9/3/2020 5:09:14;0;63;72;0;9/3/2020 6:08:02;anonymous;EN-GB;1;51;2;1; ;2;1;8;0;0; ; ; ; ; ; ; ; ; ; ; ; ; ; ; ; ; ; ; ; ; ; ; ;b22c8656dc414e4a330b15cf68c80272
9/3/2020 6:05:49;9/3/2020 6:12:55;0;100;426;1;9/3/2020 6:12:56;anonymous;EN-GB;1;72;2;1; ;2;1;7;0;0;3;2;4;4;3;3;3;3;3;2;6;5;3;7;3;7;3;5;4;3;4;5;4;8bec833da913514e45e25584fd40fcd0
9/3/2020 6:08:39;9/3/2020 6:13:49;0;100;310;1;9/3/2020 6:13:49;anonymous;EN-GB;1;63;1;1; ;4;5;5;1;1;2;2;3;2;2;2;2;4;5;5;6;6;3;6;6;6;3;2;2;3;2;3;2;34409f58c173ea3bbd87bc4e479cb13f
9/3/2020 5:14:48;9/3/2020 5:16:25;0;63;96;0;9/3/2020 6:14:49;anonymous;EN-GB;1;32;1;1; ;4;2;8;0;3; ; ; ; ; ; ; ; ; ; ; ; ; ; ; ; ; ; ; ; ; ; ; ;a96e38e4be75861aaf2721ee010c2f03
9/3/2020 6:13:46;9/3/2020 6:15:07;0;100;80;1;9/3/2020 6:15:07;anonymous;EN-GB;1;28;2;3;chinese;4;4;7;8;6; ; ; ; ; ; ; ; ; ; ; ; ; ; ; ; ; ; ; ; ; ; ; ;c41aabac0af4053e1c90ff0dd16b2580
9/3/2020 6:19:48;9/3/2020 6:20:55;0;100;67;1;9/3/2020 6:20:56;anonymous;EN-GB;1;36;2;1; ;4;2;5;4;3;3;2;5;4;5;4;5;5;4;4;5;6;5;4;5;4;5;5;4;5;6;4;5;794d665b949b2f6a0a2309a30c8d96c0
9/3/2020 6:18:04;9/3/2020 6:26:19;0;100;495;1;9/3/2020 6:26:19;anonymous;EN-GB;1;62;2;1; ;3;1;5;6;5;1;2;4;4;4;4;4;4;4;4;4;4;4;4;4;4;4;4;4;4;4;4;4;e271b2cf66524624db7746cb7812ef7a
9/3/2020 5:31:00;9/3/2020 5:32:17;0;42;76;0;9/3/2020 6:31:12;anonymous;EN-GB;1;67;1;1; ;2;1;8;0;4; ; ; ; ; ; ; ; ; ; ; ; ; ; ; ; ; ; ; ; ; ; ; ;5185bf2d2e102823fc277b88fa9b453a
9/3/2020 6:28:57;9/3/2020 6:32:27;0;100;210;1;9/3/2020 6:32:27;anonymous;EN-GB;1;55;2;1; ;2;1;5;1;1;2;1;1;1;1;1;1;1;1;1;2;2;1;2;2;2;1;7;7;1;1;1;1;a8aa4567c2b8cbe26aaa1af3b9d20532
9/3/2020 6:24:39;9/3/2020 6:33:04;0;100;505;1;9/3/2020 6:33:05;anonymous;EN-GB;1;41;1;1; ;4;4;4;4;7;1;3;6;6;3;3;1;7;7;7;1;4;3;4;4;4;4;4;4;4;4;4;4;f790da91e26f94037b4ff5953980f97b
9/3/2020 6:29:16;9/3/2020 6:34:26;0;100;310;1;9/3/2020 6:34:26;anonymous;EN-GB;1;47;2;1; ;2;1;6;0;6;2;2;4;3;4;4;4;4;3;2;4;5;2;4;4;5;4;6;5;3;2;3;3;8f3b05c5d2f522395c82f27a5e8705ac
9/3/2020 6:31:12;9/3/2020 6:35:51;0;100;279;1;9/3/2020 6:35:52;anonymous;EN-GB;1;44;2;1; ;2;2;5;5;6;1;2;4;4;4;4;4;3;4;4;3;3;3;3;4;4;4;4;4;4;4;4;4;76a9381fa17c7e9cfcb24cfb14cebdd6
9/3/2020 6:31:21;9/3/2020 6:36:09;0;100;287;1;9/3/2020 6:36:09;anonymous;EN-GB;1;66;2;1; ;3;2;9;0;0;2;2;4;2;4;4;4;5;3;3;6;4;3;7;4;7;4;5;5;4;5;5;4;0470a9c96f8dbbeeef7d9975be1adf12
9/3/2020 6:32:41;9/3/2020 6:36:52;0;100;250;1;9/3/2020 6:36:52;anonymous;EN-GB;1;38;1;1; ;2;1;8;5;8;3;2;4;4;4;4;4;7;5;5;5;5;5;5;5;5;7;6;5;5;5;5;5;428b96c8ba351e5e74efeae8f2ff57e4
9/3/2020 6:32:47;9/3/2020 6:36:56;0;100;248;1;9/3/2020 6:36:56;anonymous;EN-GB;1;50;1;1; ;3;3;9;7;7;2;2;4;4;4;4;4;4;5;4;7;7;4;7;6;7;6;3;4;5;4;5;4;73314c931c83202973e6c0b879fa24e8
9/3/2020 6:34:24;9/3/2020 6:37:10;0;100;165;1;9/3/2020 6:37:10;anonymous;EN-GB;1;59;2;1; ;4;1;3;4;3;3;2;5;4;5;5;4;4;5;4;5;4;3;3;4;4;4;6;3;5;3;4;5;bc2f5e5b529d439bc411f0d659f522a0
9/3/2020 6:29:52;9/3/2020 6:38:46;0;100;534;1;9/3/2020 6:38:46;anonymous;EN-GB;1;54;1;1; ;2;3;7;5;7;1;2;5;5;5;4;4;5;6;4;6;6;4;6;6;6;6;5;5;4;4;5;5;4011aa82882d46d89eb99cded62db500
9/3/2020 6:34:56;9/3/2020 6:38:47;0;100;231;1;9/3/2020 6:38:47;anonymous;EN-GB;1;64;1;1; ;2;1;10;10;10;2;2;4;4;4;7;7;7;7;7;7;7;7;7;7;7;7;7;4;7;7;7;7;14c8e3e209a3e3657db0330f08c94327
9/3/2020 6:37:33;9/3/2020 6:40:39;0;100;185;1;9/3/2020 6:40:39;anonymous;EN-GB;1;28;1;1; ;4;2;8;10;8;2;2;5;5;4;4;4;5;3;5;6;6;5;7;5;5;5;6;7;4;4;7;4;0e30543b96331b149fd42c441f1efe6d
9/3/2020 6:36:31;9/3/2020 6:40:58;0;100;267;1;9/3/2020 6:40:59;anonymous;EN-GB;1;59;1;1; ;2;1;8;1;1;1;2;4;4;3;3;3;7;4;4;4;5;4;7;6;6;7;2;3;6;6;5;7;8b9994a665a9282e63edbc98452e3913
9/3/2020 6:37:56;9/3/2020 6:41:02;0;100;186;1;9/3/2020 6:41:03;anonymous;EN-GB;1;54;2;1; ;2;1;4;4;6;1;2;4;4;4;4;3;3;2;4;5;4;3;5;4;5;4;4;2;4;3;4;2;6304b584211110be908521d623a987a3
9/3/2020 6:37:43;9/3/2020 6:42:02;0;100;258;1;9/3/2020 6:42:02;anonymous;EN-GB;1;78;1;1; ;2;2;7;0;6;1;2;5;4;5;5;5;4;5;4;7;4;4;6;4;6;1;6;4;4;3;7;1;d91ee87ef8c208d432e0ee74ec1d6aea
9/3/2020 6:35:37;9/3/2020 6:42:47;0;100;429;1;9/3/2020 6:42:47;anonymous;EN-GB;1;75;2;1; ;4;2;9;9;9;1;2;4;3;2;2;2;3;3;2;2;2;2;2;2;2;5;5;5;2;2;5;2;898b4992a9a91a78f70c1348058964d3
9/3/2020 6:40:57;9/3/2020 6:43:29;0;100;152;1;9/3/2020 6:43:29;anonymous;EN-GB;1;47;1;1; ;2;2;10;0;8;2;2;4;3;5;3;3;3;4;4;4;4;3;5;5;5;6;6;5;3;3;5;3;aab039ef7db04b5355d99ffc848c38f9
9/3/2020 6:41:43;9/3/2020 6:45:12;0;100;208;1;9/3/2020 6:45:12;anonymous;EN-GB;1;67;2;1; ;3;2;5;1;1;1;2;4;4;2;2;2;4;4;4;4;4;4;5;6;5;6;4;2;4;5;5;5;88fafbc1267bcdb18a595fae19ba3a7d
9/3/2020 6:46:19;9/3/2020 6:47:35;0;100;76;1;9/3/2020 6:47:35;anonymous;EN-GB;1;46;2;1; ;4;1;7;8;7;2;2;6;6;5;4;5;6;6;5;7;7;4;6;6;3;3;6;6;6;5;5;5;38c50fb6b4145c31cac864f320ccced4
9/3/2020 6:46:26;9/3/2020 6:48:45;0;100;139;1;9/3/2020 6:48:46;anonymous;EN-GB;1;47;2;1; ;3;3;5;8;6;2;2;4;4;1;1;1;4;1;1;7;7;1;7;4;7;1;7;7;1;1;7;1;0c9cc9faab932234b2fa71f99a43b717
9/3/2020 6:46:41;9/3/2020 6:49:59;0;100;198;1;9/3/2020 6:50:00;anonymous;EN-GB;1;49;2;1; ;3;2;8;8;4;2;2;4;4;4;4;4;4;4;4;4;4;4;4;4;4;4;4;4;4;4;4;4;777eb92586c930029883cdcadf642fc7
9/3/2020 6:50:21;9/3/2020 6:53:22;0;100;180;1;9/3/2020 6:53:22;anonymous;EN-GB;1;46;2;1; ;3;3;10;9;10;3;1;1;3;4;2;4;5;2;3;3;1;4;3;2;4;1;2;3;3;1;3;2;6f2f7d86848085af2ca5482ab07b43a2
9/3/2020 6:50:09;9/3/2020 6:54:18;0;100;249;1;9/3/2020 6:54:18;anonymous;EN-GB;1;51;2;1; ;4;1;8;9;10;1;2;7;7;7;7;6;7;7;4;7;5;6;7;7;5;7;7;4;4;1;7;2;faa6a9455a735b87f9a6f84073d9aadb
9/3/2020 6:48:52;9/3/2020 6:55:01;0;100;368;1;9/3/2020 6:55:01;anonymous;EN-GB;1;45;1;1; ;4;1;6;6;6;1;2;4;4;4;4;4;4;4;5;5;5;4;5;4;5;5;5;5;4;5;5;5;75bb0a6b98a188dd57233dbe8d2b467f
9/3/2020 6:53:13;9/3/2020 6:55:53;0;100;160;1;9/3/2020 6:55:53;anonymous;EN-GB;1;31;1;1; ;4;2;8;8;8;2;2;4;4;2;3;3;4;5;5;6;5;5;6;7;6;6;2;2;5;1;5;3;ba8337cc1e26a02e66275b757d0ccdc8
9/3/2020 6:47:46;9/3/2020 6:56:11;0;100;505;1;9/3/2020 6:56:12;anonymous;EN-GB;1;75;1;1; ;2;2;8;7;6;2;2;4;4;4;4;4;5;3;2;3;5;3;4;5;6;5;6;7;3;2;7;3;d0a805217d371efdf4e49c652441558e
9/3/2020 6:45:27;9/3/2020 6:59:59;0;100;872;1;9/3/2020 6:59:59;anonymous;EN-GB;1;84;2;1; ;3;4;7;9;7;2;2;6;6;5;5;5;7;7;6;7;7;6;7;6;7;6;7;7;6;7;7;6;8371c542e3d6964cc464cfea89913761
9/3/2020 6:58:15;9/3/2020 7:00:54;0;100;158;1;9/3/2020 7:00:54;anonymous;EN-GB;1;20;1;1; ;1;2;10;10;10;1;2;4;4;4;4;4;4;4;1;7;7;1;7;2;7;2;7;7;1;1;7;1;4edb2b4e308aaf1be2b26b19c2c5bd1c
9/3/2020 6:55:05;9/3/2020 7:00:55;0;100;349;1;9/3/2020 7:00:55;anonymous;EN-GB;1;46;2;1; ;3;2;5;7;7;2;2;4;3;3;3;2;6;4;4;5;5;4;5;5;5;3;3;3;4;5;4;5;327231aa2c31752a356eb66acf55948e
9/3/2020 6:57:44;9/3/2020 7:01:38;0;100;233;1;9/3/2020 7:01:38;anonymous;EN-GB;1;65;1;1; ;2;5;7;1;1;1;2;4;4;4;4;4;5;5;5;4;4;4;4;4;4;4;5;5;5;4;6;4;2413c4cedf3497043fa7615e9485a78a
9/3/2020 6:57:28;9/3/2020 7:03:01;0;100;333;1;9/3/2020 7:03:02;anonymous;EN-GB;1;55;1;1; ;2;5;8;9;9;2;2;5;4;4;4;3;5;3;3;6;5;2;6;4;6;3;5;5;3;3;6;5;9ddf787c75bb59f890ae4944bfc37eee
9/3/2020 6:59:45;9/3/2020 7:03:35;0;100;230;1;9/3/2020 7:03:36;anonymous;EN-GB;1;65;1;1; ;4;2;7;4;5;1;2;5;4;5;5;5;6;6;6;6;6;6;6;6;6;6;4;2;5;5;5;5;c262c684b4cbabeb7552cae17268d1dc
9/3/2020 7:01:14;9/3/2020 7:03:43;0;100;148;1;9/3/2020 7:03:43;anonymous;EN-GB;1;44;1;1; ;4;1;8;7;8;2;2;3;1;1;1;1;1;1;1;1;1;1;1;1;1;1;1;1;1;1;1;1;82fd44b6d7d3e8105e2a041aae0c24f4
9/3/2020 7:02:53;9/3/2020 7:05:37;0;100;163;1;9/3/2020 7:05:37;anonymous;EN-GB;1;69;2;1; ;2;2;7;0;7;3;2;3;3;3;3;2;1;1;3;5;6;2;5;6;3;2;6;6;1;2;6;1;89951db8dc1f98fb1d73c2d570cb40ef
9/3/2020 7:04:53;9/3/2020 7:08:31;0;100;217;1;9/3/2020 7:08:31;anonymous;EN-GB;1;63;2;1; ;4;1;10;10;7;1;2;6;6;6;6;6;3;4;1;7;7;1;7;7;7;7;7;7;1;1;7;1;8d23786c33d63690c3b38269769120da
9/3/2020 6:57:29;9/3/2020 7:10:13;0;100;763;1;9/3/2020 7:10:13;anonymous;EN-GB;1;44;1;1; ;4;1;10;10;5;1;2;4;4;2;2;2;7;7;7;6;5;4;5;6;5;5;5;5;5;4;5;5;67e095f07ead16a5cddd8b24b80d332a
9/3/2020 7:14:02;9/3/2020 7:18:18;0;100;255;1;9/3/2020 7:18:18;anonymous;EN-GB;1;69;2;1; ;2;1;3;0;1;2;2;2;4;4;4;5;4;4;2;6;6;2;6;6;6;6;6;5;3;4;6;5;a50b9797564485879a77d1213e2efbfe
9/3/2020 7:13:30;9/3/2020 7:18:35;0;100;304;1;9/3/2020 7:18:35;anonymous;EN-GB;1;67;2;1; ;2;2;5;0;0;1;2;5;5;4;4;4;5;6;6;6;7;6;6;7;7;7;4;2;6;6;5;6;d0c6a7e4fd685fb0abf5afedec782649
9/3/2020 7:11:59;9/3/2020 7:19:15;0;100;435;1;9/3/2020 7:19:15;anonymous;EN-GB;1;48;1;1; ;4;2;7;7;6;1;2;4;4;4;4;4;7;6;4;6;6;6;6;6;6;5;6;5;5;3;6;4;ef0ca0ea728536838125da016f15e8f4
9/3/2020 7:16:14;9/3/2020 7:19:56;0;100;221;1;9/3/2020 7:19:56;anonymous;EN-GB;1;25;1;1; ;1;3;5;8;5;1;2;5;5;4;4;4;7;7;7;7;7;5;7;5;7;5;5;4;5;6;6;6;2c974a1ee218b93d5b9dbe7607927a13
9/3/2020 7:16:28;9/3/2020 7:20:42;0;100;253;1;9/3/2020 7:20:42;anonymous;EN-GB;1;67;2;1; ;4;2;5;3;1;1;2;4;4;1;1;1;5;1;1;4;5;2;6;4;6;1;2;7;2;1;5;2;fed8e72469c03e155da105b1b8cbdbad
9/3/2020 7:20:06;9/3/2020 7:21:46;0;100;99;1;9/3/2020 7:21:47;anonymous;EN-GB;1;49;2;1; ;4;1;9;7;1;2;1;5;4;5;4;3;3;4;4;6;4;7;4;4;6;4;4;5;6;3;6;2;71fee4d06bfcb82809b5cf9496e5144e
9/3/2020 7:18:59;9/3/2020 7:23:15;0;100;256;1;9/3/2020 7:23:16;anonymous;EN-GB;1;51;1;1; ;4;1;7;10;7;1;2;4;4;3;3;3;5;5;5;5;5;5;5;5;5;5;5;5;5;5;5;5;635ebb06a471a6359dc546be5793b537
9/3/2020 7:22:10;9/3/2020 7:23:16;0;100;65;1;9/3/2020 7:23:16;anonymous;EN-GB;1;52;1;1; ;2;1;6;5;7;2;2;5;6;5;4;5;3;5;4;5;4;5;4;5;4;5;4;5;4;5;4;5;f495bd1749b8bfcf1f3451592b90f2be
9/3/2020 7:19:40;9/3/2020 7:24:09;0;100;269;1;9/3/2020 7:24:09;anonymous;EN-GB;1;40;1;1; ;4;5;5;3;2;1;2;4;4;4;4;4;6;6;4;6;5;4;6;6;5;6;4;4;5;3;5;3;119a7243ce7b465d9d40e807ee7dfc4d
9/3/2020 6:26:00;9/3/2020 6:27:06;0;63;66;0;9/3/2020 7:26:19;anonymous;EN-GB;1;58;2;1; ;4;1;9;8;3; ; ; ; ; ; ; ; ; ; ; ; ; ; ; ; ; ; ; ; ; ; ; ;fb9808e63657cb26a68d3fe13ababcf4
9/3/2020 6:27:10;9/3/2020 6:30:04;0;95;174;0;9/3/2020 7:27:23;anonymous;EN-GB;1;58;2;1; ;4;1;5;8;3;1;2;5;3;3;3;4;6;3;4;6;6;3;6;5;6;5;5;5;3;2;5;4;fb9808e63657cb26a68d3fe13ababcf4
9/3/2020 7:24:49;9/3/2020 7:28:23;0;100;214;1;9/3/2020 7:28:23;anonymous;EN-GB;1;66;2;1; ;2;1;5;0;5;1;2;6;4;5;5;5;4;7;5;7;7;6;6;5;4;7;2;2;6;4;3;6;3ba64dcd4332fa5ea6b50e1567493f70
9/3/2020 7:25:36;9/3/2020 7:29:57;0;100;260;1;9/3/2020 7:29:57;anonymous;EN-GB;1;67;2;1; ;2;2;4;0;5;1;2;5;4;5;5;5;6;3;3;7;6;5;7;7;7;6;4;2;5;3;3;4;7dac25a210441400ae8d16db591ba76b
9/3/2020 7:27:09;9/3/2020 7:30:27;0;100;197;1;9/3/2020 7:30:27;anonymous;EN-GB;1;51;1;1; ;4;1;3;3;2;2;2;5;3;5;4;2;4;4;4;4;4;4;4;4;4;4;4;4;4;5;6;6;e3e60e82e2fa74a8bb7a7c2a07483ea3
9/3/2020 7:28:59;9/3/2020 7:31:53;0;100;173;1;9/3/2020 7:31:53;anonymous;EN-GB;1;58;1;1; ;4;5;5;5;5;3;2;4;4;4;4;4;2;4;4;4;5;3;5;5;5;6;4;4;3;4;5;4;04f28d7b2594c59c3a6e2333ba284efd
9/3/2020 7:29:36;9/3/2020 7:32:26;0;100;170;1;9/3/2020 7:32:26;anonymous;EN-GB;1;43;2;1; ;4;1;8;8;2;2;2;5;5;6;6;6;6;7;6;4;6;6;5;4;6;6;2;3;6;3;5;3;573200dc35115c0a5e6a20cc527fb40c
9/3/2020 6:35:09;9/3/2020 6:37:17;0;63;127;0;9/3/2020 7:35:10;anonymous;EN-GB;1;27;1;1; ;4;2;8;10;8; ; ; ; ; ; ; ; ; ; ; ; ; ; ; ; ; ; ; ; ; ; ; ;0e30543b96331b149fd42c441f1efe6d
9/3/2020 6:36:02;9/3/2020 6:40:43;0;89;281;0;9/3/2020 7:36:04;anonymous;EN-GB;1;55;2;1; ;2;1;8;1;5;2;2;3;2;1;1;1;2;2;2;2;2;2;4;3;1;2;5;5;2;2;5;3;1a1c940afbafdceb5a402d833c17fefe
9/3/2020 6:39:30;9/3/2020 6:41:52;0;74;141;0;9/3/2020 7:39:31;anonymous;EN-GB;1;66;1;1; ;2;5;9;0;5;1;2; ; ; ; ; ; ; ; ; ; ; ; ; ; ; ; ; ; ; ; ; ;7000fdcb227743d86107271bc8c14c3c
9/3/2020 6:44:00;9/3/2020 6:44:53;0;47;53;0;9/3/2020 7:44:15;anonymous;EN-GB;1;69;2;1; ;4;1;5;0;5; ; ; ; ; ; ; ; ; ; ; ; ; ; ; ; ; ; ; ; ; ; ; ;dddb1caacf931eb21fb2a9eb4d679b61
9/3/2020 6:44:50;9/3/2020 6:44:59;0;5;8;0;9/3/2020 7:45:18;anonymous;EN-GB; ; ; ; ; ; ; ; ; ; ; ; ; ; ; ; ; ; ; ; ; ; ; ; ; ; ; ; ; ; ; ; ; ;2803125f127e4de0628bc39d433b9128
9/3/2020 7:13:07;9/3/2020 7:53:53;0;100;2446;1;9/3/2020 7:53:54;anonymous;EN-GB;1;38;1;1; ;4;2;6;8;7;1;2;5;7;5;6;6;5;3;4;7;3;3;5;4;5;4;5;2;3;5;4;6;d0e9228661fee5a808087d0ca827248f
9/3/2020 6:55:39;9/3/2020 6:57:04;0;63;85;0;9/3/2020 7:56:00;anonymous;EN-GB;1;44;1;1; ;4;1;10;10;7; ; ; ; ; ; ; ; ; ; ; ; ; ; ; ; ; ; ; ; ; ; ; ;67e095f07ead16a5cddd8b24b80d332a
9/3/2020 6:57:28;9/3/2020 6:57:55;0;63;27;0;9/3/2020 7:57:53;anonymous;EN-GB;1;20;1;1; ;1;2;10;10;10; ; ; ; ; ; ; ; ; ; ; ; ; ; ; ; ; ; ; ; ; ; ; ;4edb2b4e308aaf1be2b26b19c2c5bd1c
9/3/2020 6:58:02;9/3/2020 6:58:06;0;11;4;0;9/3/2020 7:58:12;anonymous;EN-GB;1; ; ; ; ; ; ; ; ; ; ; ; ; ; ; ; ; ; ; ; ; ; ; ; ; ; ; ; ; ; ; ; ;4edb2b4e308aaf1be2b26b19c2c5bd1c
9/3/2020 7:01:19;9/3/2020 7:02:27;0;63;68;0;9/3/2020 8:01:39;anonymous;EN-GB;1;48;1;1; ;4;1;7;9;9; ; ; ; ; ; ; ; ; ; ; ; ; ; ; ; ; ; ; ; ; ; ; ;3e0737b47858f4def10e751b189cb449
